Code,Name
005930,삼성전자
000660,SK하이닉스
373220,LG에너지솔루션
207940,삼성바이오로직스
005380,현대차
068270,셀트리온
005935,삼성전자우
000270,기아
105560,KB금융
035420,NAVER
010130,고려아연
055550,신한지주
012330,현대모비스
005490,POSCO홀딩스
028260,삼성물산
032830,삼성생명
138040,메리츠금융지주
035720,카카오
329180,HD현대중공업
051910,LG화학
000810,삼성화재
096770,SK이노베이션
006400,삼성SDI
086790,하나금융지주
011200,HMM
196170,알테오젠
033780,KT&G
259960,크래프톤
066570,LG전자
015760,한국전력
009540,HD한국조선해양
012450,한화에어로스페이스
247540,에코프로비엠
267260,HD현대일렉트릭
017670,SK텔레콤
003670,포스코퓨처엠
003550,LG
316140,우리금융지주
024110,기업은행
030200,KT
034020,두산에너빌리티
323410,카카오뱅크
402340,SK스퀘어
018260,삼성에스디에스
028300,HLB
086520,에코프로
034730,SK
042660,한화오션
010140,삼성중공업
000100,유한양행
003490,대한항공
086280,현대글로비스
009150,삼성전기
352820,하이브
326030,SK바이오팜
005830,DB손해보험
042700,한미반도체
047050,포스코인터내셔널
267250,HD현대
010950,S-Oil
090430,아모레퍼시픽
443060,HD현대마린솔루션
005387,현대차2우B
021240,코웨이
051900,LG생활건강
088980,맥쿼리인프라
180640,한진칼
047810,한국항공우주
450080,에코프로머티
064350,현대로템
006800,미래에셋증권
029780,삼성카드
032640,LG유플러스
161390,한국타이어앤테크놀로지
010620,HD현대미포
251270,넷마블
003230,삼양식품
034220,LG디스플레이
005940,NH투자증권
010120,LS ELECTRIC
241560,두산밥캣
036570,엔씨소프트
377300,카카오페이
071050,한국금융지주
016360,삼성증권
271560,오리온
298040,효성중공업
097950,CJ제일제당
079550,LIG넥스원
272210,한화시스템
454910,두산로보틱스
078930,GS
141080,리가켐바이오
011070,LG이노텍
000150,두산
005385,현대차우
035250,강원랜드
302440,SK바이오사이언스
175330,JB금융지주
138930,BNK금융지주
066970,엘앤에프
011790,SKC
307950,현대오토에버
028050,삼성E&A
128940,한미약품
462870,시프트업
145020,휴젤
348370,엔켐
022100,포스코DX
036460,한국가스공사
039490,키움증권
006260,LS
026960,동서
000720,현대건설
004020,현대제철
001040,CJ
214150,클래시스
009830,한화솔루션
007070,GS리테일
011170,롯데케미칼
011780,금호석유
081660,휠라홀딩스
277810,레인보우로보틱스
035900,JYP Ent.
012750,에스원
058470,리노공업
001450,현대해상
214450,파마리서치
088350,한화생명
263750,펄어비스
403870,HPSP
004990,롯데지주
000250,삼천당제약
068760,셀트리온제약
030000,제일기획
018880,한온시스템
004370,농심
000880,한화
065350,신성델타테크
008930,한미사이언스
278470,에이피알
002380,KCC
052690,한전기술
017800,현대엘리베이
328130,루닛
018670,SK가스
012510,더존비즈온
001440,대한전선
051600,한전KPS
111770,영원무역
087010,펩트론
383220,F&F
000120,CJ대한통운
204320,HL만도
062040,산일전기
028670,팬오션
041510,에스엠
282330,BGF리테일
005070,코스모신소재
002790,아모레G
139480,이마트
039030,이오테크닉스
009420,한올바이오파마
006280,녹십자
950160,코오롱티슈진
361610,SK아이이테크놀로지
489790,한화인더스트리얼솔루션즈
007310,오뚜기
112610,씨에스윈드
003690,코리안리
000240,한국앤컴퍼니
237690,에스티팜
178320,서진시스템
023530,롯데쇼핑
192820,코스맥스
006360,GS건설
007660,이수페타시스
257720,실리콘투
001570,금양
293490,카카오게임즈
139130,DGB금융지주
140860,파크시스템스
008770,호텔신라
000080,하이트진로
089030,테크윙
112040,위메이드
069620,대웅제약
253450,스튜디오드래곤
047040,대우건설
005850,에스엘
036930,주성엔지니어링
137310,에스디바이오센서
000990,DB하이텍
103140,풍산
051915,LG화학우
042670,HD현대인프라코어
298380,에이비엘바이오
310210,보로노이
073240,금호타이어
035760,CJ ENM
007390,네이처셀
006040,동원산업
357780,솔브레인
004170,신세계
078600,대주전자재료
018290,브이티
001720,신영증권
395400,SK리츠
214370,케어젠
375500,DL이앤씨
009240,한샘
082740,한화엔진
161890,한국콜마
067160,SOOP
067630,HLB생명과학
014820,동원시스템즈
095340,ISC
003090,대웅
294870,HDC현대산업개발
185750,종근당
009970,영원무역홀딩스
192080,더블유게임즈
096530,씨젠
009450,경동나비엔
089860,롯데렌탈
001530,DI동일
001120,LX인터내셔널
103590,일진전기
005300,롯데칠성
010060,OCI홀딩스
336260,두산퓨얼셀
005290,동진쎄미켐
240810,원익IPS
267270,HD현대건설기계
069960,현대백화점
007340,DN오토모티브
014680,한솔케미칼
011210,현대위아
204270,제이앤티씨
280360,롯데웰푸드
415640,KB발해인프라
195940,HK이노엔
020150,롯데에너지머티리얼즈
001800,오리온홀딩스
365550,ESR켄달스퀘어리츠
137400,피엔티
300720,한일시멘트
085620,미래에셋생명
248070,솔루엠
053800,안랩
001740,SK네트웍스
002840,미원상사
078130,국일제지
298020,효성티앤씨
004000,롯데정밀화학
000815,삼성화재우
457190,이수스페셜티케미컬
004490,세방전지
082640,동양생명
086900,메디톡스
034230,파라다이스
140410,메지온
039130,하나투어
330590,롯데리츠
039200,오스코텍
225570,넥슨게임즈
079160,CJ CGV
108320,LX세미콘
003540,대신증권
122870,와이지엔터테인먼트
115450,HLB테라퓨틱스
950210,프레스티지바이오파마
042000,카페24
003850,보령
229640,LS에코에너지
064760,티씨케이
192400,쿠쿠홀딩스
084370,유진테크
376300,디어유
214320,이노션
003530,한화투자증권
023590,다우기술
051980,중앙첨단소재
000670,영풍
002710,TCC스틸
058970,엠로
085660,차바이오텍
003620,KG모빌리티
298050,HS효성첨단소재
005440,현대지에프홀딩스
004800,효성
069260,TKG휴켐스
056190,에스에프에이
121600,나노신소재
020560,아시아나항공
268280,미원에스씨
036830,솔브레인홀딩스
120110,코오롱인더
440110,파두
086450,동국제약
006120,SK디스커버리
005250,녹십자홀딩스
100090,SK오션플랜트
232140,와이씨
001430,세아베스틸지주
089590,제주항공
030190,NICE평가정보
285130,SK케미칼
005180,빙그레
003030,세아제강지주
012630,HDC
066575,LG전자우
001680,대상
114090,GKL
047920,HLB제약
417200,LS머트리얼즈
025540,한국단자
041190,우리기술투자
003380,하림지주
003240,태광산업
281740,레이크머티리얼즈
000210,DL
293940,신한알파리츠
009410,태영건설
353200,대덕전자
082270,젬백스
006380,카프로
078340,컴투스
145720,덴티움
002350,넥센타이어
030610,교보증권
000640,동아쏘시오홀딩스
031980,피에스케이홀딩스
010780,아이에스동서
451800,한화리츠
033100,제룡전기
344820,KCC글라스
064960,SNT모티브
048410,현대바이오
271940,일진하이솔루스
181710,NHN
071970,HD현대마린엔진
032350,롯데관광개발
381970,케이카
014620,성광벤드
005420,코스모화학
403550,쏘카
049770,동원F&B
317330,덕산테코피아
323280,태성
000400,롯데손해보험
348950,제이알글로벌리츠
213420,덕산네오룩스
000070,삼양홀딩스
016380,KG스틸
281820,케이씨텍
105630,한세실업
241590,화승엔터프라이즈
071320,지역난방공사
067310,하나마이크론
003570,SNT다이내믹스
091810,티웨이항공
00680K,미래에셋증권2우B
069080,웹젠
336370,솔루스첨단소재
009900,명신산업
101490,에스앤에스텍
383310,에코프로에이치엔
098460,고영
456040,OCI
019170,신풍제약
006110,삼아알미늄
272450,진에어
383800,LX홀딩스
348210,넥스틴
057050,현대홈쇼핑
003470,유안타증권
005880,대한해운
241710,코스메카코리아
030520,한글과컴퓨터
222080,씨아이에스
009520,포스코엠텍
170900,동아에스티
090460,비에이치
093370,후성
008730,율촌화학
001060,JW중외제약
002030,아세아
017960,한국카본
145990,삼양사
053030,바이넥스
365340,성일하이텍
025950,동신건설
192650,드림텍
319660,피에스케이
025320,시노펙스
017940,E1
084110,휴온스글로벌
340570,티앤엘
215200,메가스터디교육
377740,바이오노트
036540,SFA반도체
228760,지노믹트리
000370,한화손해보험
251970,펌텍코리아
453340,현대그린푸드
025980,아난티
007700,F&F홀딩스
064550,바이오니아
029960,코엔텍
475560,더본코리아
016800,퍼시스
006650,대한유화
074600,원익QnC
002240,고려제강
314930,바이오다인
418550,제이오
099190,아이센스
013890,지누스
166090,하나머티리얼즈
126560,현대퓨처넷
060370,LS마린솔루션
093050,LF
358570,지아이이노베이션
206650,유바이오로직스
284740,쿠쿠홈시스
082920,비츠로셀
002960,한국쉘석유
215000,골프존
290650,엘앤씨바이오
347850,디앤디파마텍
178920,PI첨단소재
003300,한일홀딩스
095660,네오위즈
000500,가온전선
025900,동화기업
003920,남양유업
101360,에코앤드림
034310,NICE
448730,삼성FN리츠
083650,비에이치아이
091700,파트론
000155,두산우
058610,에스피지
014830,유니드
046890,서울반도체
094800,맵스리얼티1
099320,쎄트렉아이
003545,대신증권우
226950,올릭스
075580,세진중공업
475150,SK이터닉스
432320,KB스타리츠
335890,비올
052400,코나아이
034950,한국기업평가
460930,현대힘스
005610,SPC삼립
131970,두산테스나
033500,동성화인텍
131290,티에스이
023160,태광
017810,풀무원
460860,동국제강
215600,신라젠
183190,아세아시멘트
357120,코람코라이프인프라리츠
278280,천보
058650,세아홀딩스
104700,한국철강
393890,더블유씨피
352480,씨앤씨인터내셔널
032190,다우데이타
206640,바디텍메드
272290,이녹스첨단소재
084690,대상홀딩스
179900,유티아이
029530,신도리코
166480,코아스템켐온
015750,성우하이텍
171090,선익시스템
084010,대한제강
189300,인텔리안테크
077970,STX엔진
194480,데브시스터즈
020000,한섬
253590,네오셈
334970,프레스티지바이오로직스
091120,이엠텍
005389,현대차3우B
200670,휴메딕스
006730,서부T&D
093230,이아이디
003280,흥아해운
031430,신세계인터내셔날
035890,서희건설
290690,소룩스
036530,SNT홀딩스
004690,삼천리
026890,스틱인베스트먼트
005810,풍산홀딩스
123890,한국자산신탁
336570,원텍
195870,해성디에스
082800,비보존 제약
004700,조광피혁
183300,코미코
060980,HL홀딩스
220100,퓨쳐켐
005090,SGC에너지
079900,전진건설로봇
068240,다원시스
319400,현대무벡스
003960,사조대림
144510,지씨셀
003520,영진약품
001940,KISCO홀딩스
090435,아모레퍼시픽우
097520,엠씨넥스
00088K,한화3우B
200130,콜마비앤에이치
119610,인터로조
094170,동운아나텍
018250,애경산업
002310,아세아제지
100840,SNT에너지
027410,BGF
199800,툴젠
397030,에이프릴바이오
399720,가온칩스
338220,뷰노
005690,파미셀
306200,세아제강
161000,애경케미칼
079370,제우스
108860,셀바스AI
222800,심텍
176750,듀켐바이오
001340,백광산업
093320,케이아이엔엑스
161580,필옵틱스
00104K,CJ4우(전환)
455900,엔젤로보틱스
045660,에이텍
071055,한국금융지주우
036810,에프에스티
038500,삼표시멘트
084850,아이티엠반도체
003220,대원제약
211050,인카금융서비스
099430,바이오플러스
249420,일동제약
078160,메디포스트
025860,남해화학
025770,한국정보통신
108670,LX하우시스
114840,아이패밀리에스씨
060250,NHN KCP
032500,케이엠더블유
230360,에코마케팅
130660,한전산업
043150,바텍
072710,농심홀딩스
051905,LG생활건강우
136480,하림
013030,하이록코리아
389650,넥스트바이오메디컬
015360,예스코홀딩스
018310,삼목에스폼
041830,인바디
216080,제테마
237880,클리오
034120,SBS
089980,상아프론테크
218410,RFHIC
033270,유나이티드제약
027360,아주IB투자
372170,윤성에프앤씨
003160,디아이
003000,부광약품
200880,서연이화
045100,한양이엔지
009680,모토닉
372320,큐로셀
003800,에이스침대
445680,큐리옥스바이오시스템즈
388720,유일로보틱스
005390,신성통상
900140,엘브이엠씨홀딩스
017860,DS단석
050890,쏠리드
035150,백산
041960,코미팜
304100,솔트룩스
101730,위메이드맥스
286940,롯데이노베이트
002320,한진
097230,HJ중공업
009290,광동제약
080220,제주반도체
088260,이리츠코크렙
267980,매일유업
001270,부국증권
000480,CR홀딩스
094480,갤럭시아머니트리
047560,이스트소프트
420770,기가비스
041020,폴라리스오피스
032820,우리기술
243070,휴온스
012030,DB
049070,인탑스
122900,아이마켓코리아
083450,GST
126720,수산인더스트리
214430,아이쓰리시스템
095610,테스
121800,비덴트
031330,에스에이엠티
272550,삼양패키징
006390,한일현대시멘트
051360,토비스
458650,성우
298690,에어부산
150840,인트로메딕
034830,한국토지신탁
160190,하이젠알앤엠
101160,월덱스
007460,에이프로젠
023410,유진기업
000490,대동
268600,셀리버리
096040,이트론
101930,인화정공
017390,서울가스
179290,엠아이텍
256840,한국비엔씨
323990,박셀바이오
001820,삼화콘덴서
063080,컴투스홀딩스
037270,YG PLUS
001630,종근당홀딩스
004430,송원산업
005720,넥센
378340,필에너지
060280,큐렉소
114190,강원에너지
005160,동국산업
007690,국도화학
270520,지오릿에너지
033240,자화전자
005500,삼진제약
445090,에이직랜드
059090,미코
295310,에이치브이엠
108490,로보티즈
094360,칩스앤미디어
011760,현대코퍼레이션
053610,프로텍
039840,디오
208340,파멥신
000520,삼일제약
217270,넵튠
255220,SG
006060,화승인더
002810,삼영무역
035600,KG이니시스
016590,신대양제지
036620,감성코퍼레이션
006405,삼성SDI우
001500,현대차증권
001390,KG케미칼
102940,코오롱생명과학
001230,동국홀딩스
037710,광주신세계
100790,미래에셋벤처투자
339770,교촌에프앤비
000430,대원강업
095700,제넥신
001200,유진투자증권
001790,대한제당
009160,SIMPAC
005945,NH투자증권우
006220,제주은행
092230,KPX홀딩스
071280,로체시스템즈
900290,GRT
058820,CMG제약
123860,아나패스
053210,스카이라이프
048870,시너지이노베이션
052020,에스티큐브
102460,이연제약
265520,AP시스템
126700,하이비젼시스템
016610,DB금융투자
008060,대덕
226320,잇츠한불
118990,모트렉스
334890,이지스밸류리츠
095500,미래나노텍
148150,세경하이테크
024850,HLB이노베이션
086980,쇼박스
109070,주성코퍼레이션
102710,이엔에프테크놀로지
039440,에스티아이
439090,마녀공장
057880,푸른소나무
174900,앱클론
010690,화신
204620,글로벌텍스프리
151860,KG에코솔루션
299900,위지윅스튜디오
024720,콜마홀딩스
001510,SK증권
079940,가비아
067080,대화제약
263720,디앤씨미디어
000140,하이트진로홀딩스
011930,신성이엔지
402030,코난테크놀로지
205470,휴마시스
013120,동원개발
348340,뉴로메카
029460,케이씨
016580,환인제약
117580,대성에너지
002150,도화엔지니어링
473980,노머스
394280,오픈엣지테크놀로지
322000,HD현대에너지솔루션
039570,HDC랩스
298830,슈어소프트테크
104830,원익머트리얼즈
475400,씨메스
452260,한화갤러리아
357550,석경에이티
054950,제이브이엠
039980,폴라리스AI
004360,세방
252990,샘씨엔에스
025000,KPX케미칼
001130,대한제분
095570,AJ네트웍스
213500,한솔제지
003120,일성아이에스
089010,켐트로닉스
084680,이월드
078020,LS증권
068930,디지털대성
001250,GS글로벌
416180,신성에스티
036560,영풍정밀
360070,탑머티리얼
056080,유진로봇
019680,대교
182360,큐브엔터
377450,리파인
100120,뷰웍스
365330,에스와이스틸텍
096760,JW홀딩스
396270,넥스트칩
950170,JTC
060150,인선이엔티
024810,이화전기
389020,자람테크놀로지
043370,피에이치에이
013360,일성건설
005010,휴스틸
003350,한국화장품제조
045390,대아티아이
000680,LS네트웍스
014940,오리엔탈정공
404990,신한서부티엔디리츠
110990,디아이티
304360,에스바이오메딕스
011500,한농화성
005680,삼영전자
000540,흥국화재
044450,KSS해운
437730,삼현
007570,일양약품
243840,신흥에스이씨
051500,CJ프레시웨이
016790,현대사료
092790,넥스틸
950130,엑세스바이오
203400,에이비온
308430,셀비온
044490,태웅
007810,코리아써키트
083790,CG인바이츠
040300,YTN
107590,미원홀딩스
138490,코오롱ENP
002900,TYM
001460,BYC
051370,인터플렉스
370090,퓨런티어
036890,진성티이씨
024060,흥구석유
293480,하나제약
080160,모두투어
003580,HLB글로벌
095720,웅진씽크빅
194370,제이에스코퍼레이션
060720,KH바텍
035080,그래디언트
037560,LG헬로비전
214390,경보제약
092730,네오팜
102260,동성케미컬
042420,네오위즈홀딩스
064260,다날
190510,나무가
001470,삼부토건
462520,조선내화
377190,디앤디플랫폼리츠
090360,로보스타
078070,유비쿼스홀딩스
000320,노루홀딩스
036800,나이스정보통신
047310,파워로직스
144960,뉴파워프라즈마
199820,제일일렉트릭
067280,멀티캠퍼스
003555,LG우
092040,아미코젠
053690,한미글로벌
417310,코람코더원리츠
035810,이지홀딩스
033920,무학
336680,탑런토탈솔루션
182400,엔케이맥스
100250,진양홀딩스
297890,HB솔루션
322510,제이엘케이
034810,해성산업
011040,경동제약
134380,미원화학
015860,일진홀딩스
305090,마이크로디지탈
001520,동양
001780,알루코
143240,사람인
389260,대명에너지
009470,삼화전기
109610,에스와이
234080,JW생명과학
004980,성신양회
107640,한중엔시에스
013990,아가방컴퍼니
460850,동국씨엠
002100,경농
278650,HLB바이오스텝
084650,랩지노믹스
006340,대원전선
000020,동화약품
030530,원익홀딩스
097955,CJ제일제당 우
023760,한국캐피탈
078520,에이블씨엔씨
067390,아스트
071840,롯데하이마트
005430,한국공항
032620,유비케어
122640,예스티
443670,에스피소프트
251370,와이엠티
053300,한국정보인증
000050,경방
211270,AP위성
459100,위츠
007160,사조산업
236200,슈프리마
096240,크레버스
028100,동아지질
475960,토모큐브
160600,이큐셀
136540,윈스
046440,KG모빌리언스
083930,아바코
003200,일신방직
017890,한국알콜
019210,와이지-원
270660,에브리봇
016450,한세예스24홀딩스
200710,에이디테크놀로지
036200,유니셈
030960,양지사
018470,조일알미늄
293780,압타바이오
108230,톱텍
036030,케이티알파
114810,한솔아이원스
038290,마크로젠
089600,나스미디어
002020,코오롱
003610,방림
064820,케이프
086390,유니테스트
008110,대동전자
101530,해태제과식품
042370,비츠로테크
000300,대유플러스
105550,엣지파운드리
000390,삼화페인트
004090,한국석유
092130,이크레더블
063570,한국전자금융
008350,남선알미늄
011000,진원생명과학
002390,한독
064090,인크레더블버즈
214180,헥토이노베이션
206560,덱스터
472850,폰드그룹
058430,포스코스틸리온
023910,대한약품
307750,국전약품
371950,풍원정밀
143160,아이디스
036420,콘텐트리중앙
004560,현대비앤지스틸
048530,인트론바이오
004380,삼익THK
230240,에치에프알
078940,퀀타피아
123040,엠에스오토텍
003650,미창석유
032300,한국파마
054450,텔레칩스
234690,녹십자웰빙
203650,드림시큐리티
003070,코오롱글로벌
126600,BGF에코머티리얼즈
003830,대한화섬
000860,강남제비스코
138610,나이벡
215090,휴센텍
271980,제일약품
060590,씨티씨바이오
461300,아이스크림미디어
356680,엑스게이트
011785,금호석유우
337930,브랜드엑스코퍼레이션
073010,케이에스피
079430,현대리바트
010955,S-Oil우
090350,노루페인트
002170,삼양통상
121440,골프존뉴딘홀딩스
004250,NPC
462350,이노스페이스
065660,안트로젠
394800,쓰리빌리언
214680,디알텍
001020,페이퍼코리아
086890,이수앱지스
009580,무림P&P
030210,다올투자증권
046070,코다코
119850,지엔씨에너지
425420,티에프이
036190,금화피에스시
001750,한양증권
009155,삼성전기우
077360,덕산하이메탈
425040,티이엠씨
053080,케이엔솔
027970,한국제지
224110,에이텍모빌리티
209640,와이제이링크
003547,대신증권2우B
064800,포니링크
400760,NH올원리츠
322310,오로스테크놀로지
067990,도이치모터스
350520,이지스레지던스리츠
036220,오상헬스케어
078150,HB테크놀러지
004970,신라교역
049720,고려신용정보
448280,에코아이
441270,파인엠텍
126340,비나텍
294570,쿠콘
012320,경동인베스트
000970,한국주철관
035510,신세계 I&C
090710,휴림로봇
011330,유니켐
466100,클로봇
034300,신세계건설
225190,LK삼양
070960,모나용평
006840,AK홀딩스
254490,미래반도체
015890,태경산업
073490,이노와이어리스
079960,동양이엔피
464080,에스오에스랩
039340,한국경제TV
388050,지투파워
068290,삼성출판사
008490,서흥
122990,와이솔
081000,일진다이아
033640,네패스
094280,효성ITX
354320,알멕
321820,아티스트유나이티드
474170,루미르
424960,스마트레이더시스템
123330,제닉
110790,크리스에프앤씨
007110,일신석재
078140,대봉엘에스
007860,서연
128820,대성산업
235980,메드팩토
004080,신흥
131370,알서포트
382840,원준
299030,하나기술
092220,KEC
288330,브릿지바이오테라퓨틱스
122450,KX
089970,브이엠
140610,엔솔바이오사이언스
363280,티와이홀딩스
061970,LB세미콘
267850,아시아나IDT
298540,더네이쳐홀딩스
145170,노브랜드
451760,컨텍
001360,삼성제약
136490,선진
072870,메가스터디
000700,유수홀딩스
269620,시스웍
047820,초록뱀미디어
029480,광무
037460,삼지전자
448900,한국피아이엠
003060,에이프로젠바이오로직스
080420,모다이노칩
456070,이엔셀
106190,하이텍팜
115180,큐리언트
02826K,삼성물산우B
023600,삼보판지
412540,제일엠앤에스
214420,토니모리
173130,오파스넷
008830,대동기어
083310,엘오티베큠
092190,서울바이오시스
282880,코윈테크
092200,디아이씨
048550,SM C&C
006490,인스코비
068790,DMS
417010,나노팀
011280,태림포장
015230,대창단조
290550,디케이티
041440,현대에버다임
086820,바이오솔루션
214260,라파스
950140,잉글우드랩
088800,에이스테크
289860,지슨
003460,유화증권
005860,한일사료
053280,예스24
353810,이지바이오
010820,퍼스텍
298000,효성화학
008040,사조동아원
123410,코리아에프티
005950,이수화학
001080,만호제강
033180,KH 필룩스
194700,노바렉스
461030,아이엠비디엑스
007330,푸른저축은행
066620,국보디자인
009270,신원
210980,SK디앤디
178780,일월지엠엘
006620,동구바이오제약
042600,새로닉스
049960,쎌바이오텍
439580,블루엠텍
051160,지어소프트
457550,우진엔텍
093640,케이알엠
024090,디씨엠
001045,CJ우
206400,베노티앤알
039560,다산네트웍스
011810,STX
065650,하이퍼코퍼레이션
015590,KIB플러그에너지
405100,큐알티
151910,퓨처코어
205100,엑셈
317870,엔바이오니아
092460,한라IMS
315640,딥노이드
090850,현대이지웰
044990,에이치엔에스하이텍
082850,우리바이오
033160,엠케이전자
156100,엘앤케이바이오
225530,보광산업
109740,디에스케이
00279K,아모레G3우(전환)
234340,헥토파이낸셜
950110,SBI핀테크솔루션즈
200350,아티스트스튜디오
025820,이구산업
020120,키다리스튜디오
049950,미래컴퍼니
105840,우진
217950,파마리서치바이오
019550,SBI인베스트먼트
099440,스맥
210540,디와이파워
006890,태경케미컬
058400,KNN
007210,벽산
039240,경남스틸
475580,에이럭스
052260,현대바이오랜드
282720,금양그린파워
192440,슈피겐코리아
104460,디와이피엔에프
012600,청호ICT
100130,동국S&C
093520,매커스
317400,자이에스앤디
102120,어보브반도체
084990,헬릭스미스
046210,HLB파나진
052330,코텍
014530,극동유화
002620,제일파마홀딩스
368770,파이버프로
950190,고스트스튜디오
004100,태양금속
002780,진흥기업
005990,매일홀딩스
226400,오스테오닉
065680,우주일렉트로
005710,대원산업
117730,티로보틱스
002210,동성제약
450140,코오롱모빌리티그룹
027710,팜스토리
274090,켄코아에어로스페이스
158430,아톤
285490,노바텍
066590,우수AMS
031440,신세계푸드
078350,한양디지텍
065710,서호전기
019440,세아특수강
264850,이랜시스
124500,아이티센
418470,밀리의서재
006910,보성파워텍
000105,유한양행우
120030,조선선재
099750,이지케어텍
054050,농우바이오
061040,알에프텍
104480,티케이케미칼
014280,금강공업
112290,와이씨켐
376930,노을
023900,풍국주정
389470,인벤티지랩
063170,서울옥션
289220,자이언트스텝
069510,에스텍
273640,와이엠텍
018000,유니슨
299660,셀리드
251120,바이오에프디엔씨
310200,애니플러스
092870,엑시콘
004710,한솔테크닉스
002200,한국수출포장
264450,유비쿼스
034590,인천도시가스
016710,대성홀딩스
255440,야스
014580,태경비케이
453450,그리드위즈
014160,대영포장
063160,종근당바이오
064290,인텍플러스
101670,하이드로리튬
458870,씨어스테크놀로지
302550,리메드
014470,부방
060570,드림어스컴퍼니
330860,네패스아크
065450,빅텍
396470,워트
094820,일진파워
053700,삼보모터스
217730,강스템바이오텍
013580,계룡건설
018120,진로발효
052420,오성첨단소재
050960,수산아이앤티
149950,아바텍
111710,남화산업
195990,에이비프로바이오
012610,경인양행
033790,피노
246710,티앤알바이오팹
108380,대양전기공업
002630,오리엔트바이오
003720,삼영
009070,KCTC
356860,티엘비
012800,대창
396690,미래에셋글로벌리츠
260970,에스앤디
033320,제이씨현시스템
019590,엠벤처투자
214330,금호에이치티
058850,KTcs
267290,경동도시가스
043610,지니뮤직
900250,크리스탈신소재
333430,일승
476080,M83
067000,조이시티
487570,HS효성
023450,동남합성
041590,플래스크
033290,코웰패션
004830,덕성
002600,조흥
168360,펨트론
023440,제이스코홀딩스
007540,샘표
086710,선진뷰티사이언스
248170,샘표식품
004310,현대약품
119830,아이텍
083420,그린케미칼
089470,HDC현대EP
054210,이랜텍
011560,세보엠이씨
159580,제로투세븐
012700,리드코프
065500,오리엔트정공
067900,와이엔텍
035000,HS애드
079810,디이엔티
208370,셀바스헬스케어
019010,베뉴지
054620,APS
131400,이브이첨단소재
093920,서원인텍
003480,한진중공업홀딩스
351870,차이커뮤니케이션
033530,SJG세종
124560,태웅로직스
357230,에이치피오
226440,한송네오텍
191420,테고사이언스
950220,네오이뮨텍
040420,정상제이엘에스
056090,시지메드텍
021080,에이티넘인베스트
049180,셀루메드
017550,수산중공업
297090,씨에스베어링
260930,씨티케이
003780,진양산업
012690,모나리자
232530,이엠티
009300,삼아제약
058630,엠게임
100700,세운메디칼
382900,범한퓨얼셀
244920,에이플러스에셋
008700,아남전자
452280,한선엔지니어링
149980,하이로닉
066410,버킷스튜디오
419530,SAMG엔터
417790,트루엔
139990,아주스틸
035610,솔본
383930,디티앤씨알오
217820,원익피앤이
052220,iMBC
001380,SG글로벌
016740,두올
011150,CJ씨푸드
138080,오이솔루션
039020,이건홀딩스
002720,국제약품
017370,우신시스템
002450,삼익악기
071200,인피니트헬스케어
016090,대현
085670,뉴프렉스
012860,모베이스전자
272110,케이엔제이
008260,NI스틸
175140,휴먼테크놀로지
381620,제닉스
443250,레뷰코퍼레이션
111380,동인기연
066700,테라젠이텍스
067570,엔브이에이치코리아
089890,코세스
045340,토탈소프트
228850,레이언스
040350,크레오에스지
204610,티쓰리
338840,와이바이오로직스
900340,윙입푸드
322180,티라유텍
321550,티움바이오
042520,한스바이오메드
362320,청담글로벌
227840,현대코퍼레이션홀딩스
013570,디와이
003100,선광
101140,인바이오젠
407400,꿈비
004150,한솔홀딩스
000440,중앙에너비스
089850,유비벨록스
002990,금호건설
264900,크라운제과
033830,티비씨
019490,하이트론
146320,비씨엔씨
039860,나노엔텍
026150,특수건설
234300,에스트래픽
005870,휴니드
002700,신일전자
001560,제일연마
042510,라온시큐어
049520,유아이엘
348150,고바이오랩
054800,아이디스홀딩스
453860,에이에스텍
217330,싸이토젠
008970,동양철관
187420,제노포커스
452200,민테크
014200,광림
147830,제룡산업
010580,에스엠벡셀
078000,텔코웨어
277880,티에스아이
402490,그린리소스
332570,와이팜
004890,동일산업
361390,제노코
378800,샤페론
017900,광전자
004140,동방
123690,한국화장품
096775,SK이노베이션우
060560,홈센타홀딩스
053160,프리엠스
127120,디엔에이링크
306620,네온테크
009780,엠에스씨
109960,AP헬스케어
054670,대한뉴팜
419050,삼기이브이
023000,삼원강재
072770,율호
183490,엔지켐생명과학
037070,파세코
140070,서플러스글로벌
058860,KTis
067370,선바이오
388870,파로스아이바이오
092070,디엔에프
259630,엠플러스
025550,한국선재
048910,대원미디어
084730,팅크웨어
091580,상신이디피
038110,에코플라스틱
411080,샌즈랩
053050,지에스이
289930,웨이비스
466410,사이냅소프트
072020,중앙백신
481850,신한글로벌액티브리츠
047400,유니온머티리얼
417500,제이아이테크
311690,CJ 바이오사이언스
077500,유니퀘스트
432470,케이엔에스
186230,그린플러스
064850,에프앤가이드
408920,메쎄이상
300080,플리토
002460,HS화성
102370,케이옥션
317690,퀀타매트릭스
208140,정다운
216050,인크로스
024900,덕양산업
053580,웹케시
293580,나우IB
261200,덴티스
162300,신스틸
049430,코메론
061250,화일약품
163560,동일고무벨트
060310,3S
021320,KCC건설
140670,알에스오토메이션
004770,써니전자
013310,아진산업
038680,에스넷
207760,미스터블루
120240,대정화금
007590,동방아그로
073560,우리손에프앤지
011700,한신기계
347890,엠투아이
054780,키이스트
000157,두산2우B
294090,이오플로우
079980,휴비스
010100,한국무브넥스
065510,휴비츠
084180,수성웹툰
001540,안국약품
432720,퀄리타스반도체
010470,오리콤
005960,동부건설
078860,엔에스이엔엠
004540,깨끗한나라
376270,에이치이엠파마
010040,한국내화
160980,싸이맥스
044820,코스맥스비티아이
013700,까뮤이앤씨
222810,세토피아
339950,아이비김영
069460,대호에이엘
036090,위지트
007720,대명소노시즌
033230,인성정보
290670,대보마그네틱
215360,우리산업
057680,티사이언티픽
125210,아모그린텍
020710,시공테크
451250,삐아
263860,지니언스
045970,코아시아
388790,라이콤
376190,LB루셈
377480,마음AI
250060,모비스
004650,창해에탄올
253840,수젠텍
142210,유니트론텍
171120,라이온켐텍
027050,코리아나
048430,유라테크
264660,씨앤지하이테크
041920,메디아나
131030,옵투스제약
170920,엘티씨
036630,세종텔레콤
372910,한컴라이프케어
365590,하이딥
023800,인지컨트롤스
369370,블리츠웨이스튜디오
000180,성창기업지주
009200,무림페이퍼
037950,엘컴텍
044340,위닉스
222160,NPX
066980,한성크린텍
256940,케이피에스
066790,씨씨에스
115500,케이씨에스
228670,레이
352090,스톰테크
382800,지앤비에스 에코
384470,코어라인소프트
220260,켐트로스
005800,신영와코루
093190,빅솔론
014790,HL D&I
389500,에스비비테크
210120,빅텐츠
059210,메타바이오메드
024940,PN풍년
445180,퓨릿
137950,제이씨케미칼
122310,제노레이
038540,상상인
032560,황금에스티
064240,홈캐스트
049480,오픈베이스
163730,핑거
357880,비트나인
314130,지놈앤컴퍼니
237820,플레이디
261780,차백신연구소
204840,지엘팜텍
042500,링네트
413630,씨피시스템
241770,메카로
011370,서한
419080,엔젯
041930,동아화성
219130,타이거일렉
187870,디바이스이엔지
442900,미래에셋드림스팩1호
340360,다보링크
036120,SCI평가정보
094840,슈프리마에이치큐
010960,삼호개발
284620,카이노스메드
123420,위메이드플레이
074430,아미노로직스
291230,엔피
260870,SK시그넷
141000,비아트론
296160,프로젠
011390,부산산업
067830,세이브존I&C
004840,DRB동일
452430,사피엔반도체
180400,DXVX
040910,아이씨디
038390,레드캡투어
007280,한국특강
311320,지오엘리먼트
005740,크라운해태홀딩스
000590,CS홀딩스
043650,국순당
338100,NH프라임리츠
330350,위더스제약
413390,엠오티
382480,지아이텍
232680,라온테크
054040,한국컴퓨터
130580,나이스디앤비
408900,스튜디오미르
333620,엔시스
004720,팜젠사이언스
129260,인터지스
418620,이에이트
002230,피에스텍
039610,화성밸브
074610,이엔플러스
010660,화천기계
032850,비트컴퓨터
200470,에이팩트
950200,소마젠
352910,오비고
347700,라이프시맨틱스
418420,라온텍
093240,형지엘리트
365270,큐라클
452400,이닉스
107600,새빗켐
136410,아셈스
015020,이스타코
007820,에스엠코어
241520,DSC인베스트먼트
352700,씨앤투스
366030,공구우먼
238090,앤디포스
090470,제이스텍
095190,이엠코리아
012790,신일제약
200230,텔콘RF제약
226330,신테카바이오
086960,MDS테크
006090,사조오양
038460,바이오스마트
000910,유니온
185490,아이진
111110,호전실업
003925,남양유업우
267320,나인테크
054920,한컴위드
036580,팜스코
320000,한울반도체
002800,신신제약
006880,신송홀딩스
004960,한신공영
163280,에어레인
013520,화승코퍼레이션
010640,진양폴리
109860,동일금속
053260,금강철강
229500,노브메타파마
102280,쌍방울
004870,티웨이홀딩스
027830,대성창투
465480,인스피언
001260,남광토건
361570,알비더블유
014710,사조씨푸드
044060,조광ILI
014440,영보화학
218150,미래생명자원
094850,참좋은여행
024880,케이피에프
038070,서린바이오
241840,에이스토리
010240,흥국
170030,현대공업
017480,삼현철강
036670,KCI
294630,서남
053350,이니텍
104620,노랑풍선
348350,위드텍
015710,코콤
024800,유성티엔에스
302430,이노메트리
227420,도부
263600,덕우전자
036640,HRS
049550,잉크테크
033310,엠투엔
457370,한켐
307930,컴퍼니케이
142280,녹십자엠에스
126730,코칩
099220,SDN
153710,옵티팜
011690,와이투솔루션
000890,보해양조
464280,티디에스팜
052790,액토즈소프트
265560,영화테크
448710,코츠테크놀로지
309960,LB인베스트먼트
208860,엔지스테크널러지
262260,에이프로
007980,TP
033130,디지틀조선
014990,인디에프
053450,세코닉스
000220,유유제약
126880,제이엔케이글로벌
027580,상보
032540,TJ미디어
067290,JW신약
007370,진양제약
013870,지엠비코리아
308080,바이젠셀
000230,일동홀딩스
066130,하츠
196300,애니젠
021820,세원정공
006660,삼성공조
072130,유엔젤
127980,화인써키트
263050,유틸렉스
097800,윈팩
001275,부국증권우
092440,기신정기
009190,대양금속
304840,피플바이오
307180,아이엘사이언스
101000,KS인더스트리
128660,피제이메탈
041910,폴라리스AI파마
024910,경창산업
317850,대모
065130,탑엔지니어링
080580,오킨스전자
090410,덕신이피씨
241690,유니테크노
215100,로보로보
214870,한울BnC
078935,GS우
003560,IHQ
300120,라온피플
452190,한빛레이저
256630,포인트엔지니어링
198440,강동씨앤엘
081150,티플랙스
462510,라메디텍
004910,조광페인트
009770,삼정펄프
250000,보라티알
456010,아이씨티케이
234920,자이글
203690,아크솔루션스
403490,우듬지팜
223250,드림씨아이에스
311390,네오크레마
219750,한국비티비
330730,스톤브릿지벤처스
086670,비엠티
065530,와이어블
037350,성도이엔지
115440,우리넷
043260,성호전자
363250,진시스템
004450,삼화왕관
039830,오로라
33626K,두산퓨얼셀1우
016880,웅진
355390,크라우드웍스
024740,한일단조
073640,테라사이언스
011320,유니크
289080,SV인베스트먼트
175250,아이큐어
042110,에스씨디
005750,대림B&Co
263800,데이타솔루션
239610,에이치엘사이언스
088130,동아엘텍
006140,피제이전자
088390,이녹스
002140,고려산업
105740,디케이락
317770,엑스페릭스
075180,새론오토모티브
180060,탑선
004780,대륙제관
03473K,SK우
002410,범양건영
037440,희림
054930,유신
004060,SG세계물산
239890,피엔에이치테크
023350,한국종합기술
006805,미래에셋증권우
222040,코스맥스엔비티
214610,미코바이오메드
393210,토마토시스템
432430,와이랩
104540,코렌텍
226360,KH 건설
246960,SCL사이언스
115310,인포바인
051630,진양화학
012210,삼미금속
052670,제일바이오
057030,YBM넷
004920,씨아이테크
017650,대림제지
263690,디알젬
006050,국영지앤엠
294140,레몬
002760,보락
219420,링크제니시스
199430,케이엔알시스템
083500,에프엔에스테크
092780,동양피스톤
053980,오상자이엘
033340,좋은사람들
091440,한울소재과학
347000,센코
043910,자연과환경
357250,미래에셋맵스리츠
246720,아스타
024840,KBI메탈
099520,DGI
017510,세명전기
083660,CSA 코스믹
016920,카스
039420,케이엘넷
189980,흥국에프엔비
087260,모바일어플라이언스
041650,상신브레이크
347740,피엔케이피부임상연구센타
004590,한국가구
245620,EDGC
037330,인지디스플레
033170,시그네틱스
101330,모베이스
222110,팬젠
064480,브리지텍
059270,해성에어로보틱스
446540,메가터치
290380,대유
359090,씨엔알리서치
063440,SM Life Design
072990,에이치시티
155650,와이엠씨
055490,테이팩스
413640,비아이매트릭스
000850,화천기공
373200,엑스플러스
046390,삼화네트웍스
170790,파이오링크
460470,아이빔테크놀로지
002795,아모레G우
017040,광명전기
006370,대구백화점
080000,에스엔유
204020,그리티
008250,이건산업
265740,엔에프씨
031820,콤텍시스템
160550,NEW
251630,브이원텍
155660,DSR
100030,인지소프트
041520,이엘씨
091090,세원이앤씨
017180,명문제약
101170,우림피티에스
217480,에스디생명공학
391710,코닉오토메이션
007680,대원
199550,레이저옵텍
220180,핸디소프트
234100,폴라리스세원
032860,더라미
008870,금비
009180,한솔로지스틱스
065950,웰크론
009730,이렘
007610,선도전기
023810,인팩
032940,원익
036180,지더블유바이텍
044960,이글벳
050110,캠시스
067920,이글루
003010,혜인
145210,다이나믹디자인
288620,에스퓨얼셀
396300,세아메카닉스
043220,티에스넥스젠
001550,조비
056730,CNT85
279600,미디어젠
073110,엘엠에스
036010,아비코전자
122830,원포유
376980,원티드랩
214270,FSN
004410,서울식품
066310,큐에스아이
357580,아모센스
378850,화승알앤에이
418250,시큐레터
068050,팬엔터테인먼트
189690,포시에스
217190,제너셈
120115,코오롱인더우
212560,네오오토
100220,비상교육
377220,프롬바이오
033560,블루콤
450330,하스
073570,리튬포어스
002880,대유에이텍
047770,코데즈컴바인
082210,옵트론텍
053620,태양
150900,파수
096610,알에프세미
005305,롯데칠성우
239340,이스트에이드
236810,엔비티
002220,한일철강
159010,아스플로
123840,뉴온
465770,STX그린로지스
085310,엔케이
205500,액션스퀘어
053290,NE능률
105760,포스뱅크
095270,웨이브일렉트로
059120,아진엑스텍
040610,SG&G
001840,이화공영
039010,현대에이치티
417970,모델솔루션
071090,하이스틸
019180,티에이치엔
127710,아시아경제
038010,제일테크노스
464500,아이언디바이스
049630,재영솔루텍
027740,마니커
006740,영풍제지
052770,아이톡시
053950,경남제약
451220,아이엠티
003080,성보화학
201490,미투온
001620,케이비아이동국실업
052300,씨티프라퍼티
002360,SH에너지화학
129890,앱코
270870,뉴트리
081580,성우전자
456570,아이엠지티
176590,코나솔
290090,트윔
078890,가온그룹
010170,대한광통신
053270,구영테크
010600,웰바이오텍
336060,웨이버스
046120,오르비텍
041460,한국전자인증
014190,원익큐브
011420,갤럭시아에스엠
013810,스페코
080010,이상네트웍스
039290,인포뱅크
331380,포커스에이치엔에스
096350,대창솔루션
109820,진매트릭스
058730,다스코
106080,하이소닉
376290,씨유테크
096690,에이루트
321260,프로이천
000650,천일고속
067170,오텍
306040,에스제이그룹
046970,우리로
037230,한국팩키지
094940,푸른기술
145270,케이탑리츠
198080,엔피디
450520,인스웨이브시스템즈
100590,머큐리
226340,본느
033540,파라텍
256150,한독크린텍
005670,푸드웰
123570,이엠넷
086040,바이오톡스텍
021050,서원
332370,아이디피
082660,코스나인
216400,인바이츠바이오코아
025530,SJM홀딩스
080530,코디
353590,오토앤
038060,루멘스
066670,디티씨
009810,플레이그램
024830,세원물산
003310,대주산업
105330,케이엔더블유
260660,알리코제약
051490,나라엠앤디
054540,삼영엠텍
348030,모비릭스
049120,파인디앤씨
464580,닷밀
460940,피앤에스미캐닉스
192250,케이사인
060850,영림원소프트랩
019540,일지테크
088910,동우팜투테이블
448740,삼성스팩8호
091590,남화토건
036170,클라우드에어
014970,삼륭물산
025750,한솔홈데코
420570,제이투케이바이오
011230,삼화전자
290740,액트로
008370,원풍
097780,에코볼트
389030,지니너스
050860,아세아텍
118000,메타케어
351330,이삭엔지니어링
036690,코맥스
221980,케이디켐
309930,오하임앤컴퍼니
121850,코이즈
071670,에이테크솔루션
052600,한네트
014570,고려제약
172670,에이엘티
002920,유성기업
257370,피엔티엠에스
173940,에프엔씨엔터
475660,에스켐
066900,디에이피
012280,영화금속
474610,RF시스템즈
363260,모비데이즈
440320,오픈놀
168330,내츄럴엔도텍
069540,빛과전자
037760,쎄니트
024950,삼천리자전거
242040,나무기술
018500,동원금속
038880,아이에이
103840,우양
037370,EG
043340,에쎈테크
009320,아진전자부품
263920,휴엠앤씨
219550,디와이디
435620,하나금융25호스팩
208640,썸에이지
153460,네이블
277410,인산가
000725,현대건설우
277070,린드먼아시아
389140,포바이포
069730,DSR제강
036710,심텍홀딩스
308170,씨티알모빌리티
037030,파워넷
123700,SJM
122350,삼기
900270,헝셩그룹
097870,효성오앤비
093510,엔지브이아이
111870,KH 미래물산
090080,평화산업
009460,한창제지
087600,픽셀플러스
079000,와토스코리아
036000,예림당
057540,옴니시스템
006980,우성
115160,휴맥스
303530,이노뎁
37550L,DL이앤씨2우(전환)
001290,상상인증권
227950,엔투텍
134790,시디즈
368600,아이씨에이치
052900,KX하이텍
006125,SK디스커버리우
022220,TKG애강
033250,체시스
026940,부국철강
094970,제이엠티
223310,딥마인드
075130,플랜티넷
143210,핸즈코퍼레이션
307870,비투엔
049830,승일
129920,대성하이텍
133750,메가엠디
071850,캐스텍코리아
318410,비비씨
002870,신풍
313760,캐리
002290,삼일기업공사
075970,동국알앤에스
900100,애머릿지
068330,일신바이오
263770,유에스티
263020,디케이앤디
008420,문배철강
016100,리더스코스메틱
020760,일진디스플
052710,아모텍
217500,러셀
023960,에쓰씨엔지니어링
085910,네오티스
025880,케이씨피드
360350,코셈
138070,신진에스엠
440290,HB인베스트먼트
199480,뱅크웨어글로벌
241790,티이엠씨씨엔에스
327610,펨토바이오메드
092300,현우산업
049080,기가레인
013000,세우글로벌
060230,소니드
301300,바이브컴퍼니
314140,알피바이오
140520,대창스틸
187220,디티앤씨
139670,키네마스터
357430,마스턴프리미어리츠
004440,삼일씨엔에스
066910,손오공
262840,아이퀘스트
045060,오공
056700,신화인터텍
051390,YW
317830,에스피시스템스
006570,대림통상
109670,씨싸이트
033200,모아텍
142760,모아라이프플러스
177830,파버나인
072470,우리산업홀딩스
321370,센서뷰
271830,팸텍
024890,대원화성
038340,MIT
419120,산돌
195500,마니커에프앤지
225220,제놀루션
019990,에너토크
347860,알체라
032960,동일기연
126640,화신정공
405920,나라셀라
288980,모아데이타
376180,피코그램
011300,성안머티리얼스
28513K,SK케미칼우
056360,코위버
096630,에스코넥
337840,유엑스엔
100660,서암기계공업
032790,엠젠솔루션
065770,CS
038870,에코바이오
016600,큐캐피탈
417180,핑거스토리
203450,유니온커뮤니티
227610,아우딘퓨쳐스
104200,NHN벅스
434190,탈로스
263700,케어랩스
099390,브레인즈컴퍼니
042040,케이피엠테크
005030,부산주공
452160,제이엔비
016250,SGC E&C
290720,푸드나무
038620,위즈코프
192390,윈하이텍
021880,메이슨캐피탈
003465,유화증권우
024070,WISCOM
089150,케이씨티
131100,티엔엔터테인먼트
122690,서진오토모티브
014130,한익스프레스
446440,에피바이오텍
007530,와이엠
005360,모나미
117670,알파홀딩스
020180,대신정보통신
238120,얼라인드
340930,유일에너테크
286750,나노브릭
099410,동방선기
171010,램테크놀러지
010280,쌍용정보통신
049800,우진플라임
307280,원바이오젠
115610,이미지스
388610,지에프씨생명과학
046940,우원개발
114630,폴라리스우노
109080,옵티시스
273060,와이즈버즈
140430,카티스
115480,씨유메디칼
012160,영흥
373110,엑셀세라퓨틱스
263810,상신전자
088340,유라클
104040,대성파인텍
452980,신한제11호스팩
238490,힘스
013720,CBI
296640,이노룰스
032580,피델릭스
119650,KC코트렐
196490,디에이테크놀로지
439250,삼성스팩7호
032280,삼일
064520,테크엘
031310,아이즈비전
101240,씨큐브
018680,서울제약
446070,유니드비티플러스
430690,한싹
012170,아센디오
003475,유안타증권우
327260,RF머트리얼즈
417840,저스템
004270,남성
377030,맥스트
019770,서연탑메탈
065440,이루온
012200,계양전기
347770,핌스
007770,한일화학
254120,자비스
098120,마이크로컨텍솔
119500,포메탈
267790,배럴
162120,루켄테크놀러지스
009835,한화솔루션우
128540,에코캡
019175,신풍제약우
200780,비씨월드제약
010770,평화홀딩스
023150,MH에탄올
001210,금호전기
067010,이씨에스
417860,오브젠
285800,진영
018700,바른손
131090,시큐브
088280,쏘닉스
290520,신도기연
066360,체리부로
434480,모니터랩
222980,한국맥널티
290120,DH오토리드
003535,한화투자증권우
069640,한세엠케이
031510,오스템
246690,TS인베스트먼트
318000,KBG
046310,백금T&A
380540,옵티코어
452300,캡스톤파트너스
469750,아이비젼웍스
298060,에스씨엠생명과학
190650,코리아에셋투자증권
389680,유디엠텍
299170,더블유에스아이
900310,컬러레이
317530,캐리소프트
009140,경인전자
001140,국보
355150,코스텍시스
323350,다원넥스뷰
343090,HLB사이언스
187660,현대ADM
000215,DL우
059100,아이컴포넌트
098660,에스티오
024120,KB오토시스
051380,피씨디렉트
318020,포인트모바일
169330,엠브레인
032750,삼진
406820,뷰티스킨
228340,동양파일
241820,피씨엘
080520,오디텍
131220,대한과학
060540,에스에이티
089140,넥스턴바이오
083550,케이엠
036480,대성미생물
37550K,DL이앤씨우
137080,나래나노텍
377330,이지트로닉스
130500,GH신소재
419540,비스토스
367000,플래티어
189860,서전기전
299910,애닉
079170,한창산업
311060,엘에이티
290660,네오펙트
276040,스코넥
252500,세화피앤씨
035200,프럼파스트
415380,스튜디오삼익
002820,SUN&L
102950,아하
303360,프로티아
069410,엔텔스
032980,바이온
134580,탑코미디어
340440,세림B&G
187790,나노
089790,제이티
431190,케이쓰리아이
006920,모헨즈
021650,한국큐빅
025870,신라에스지
356890,싸이버원
189330,씨이랩
137940,넥스트아이
276730,제주맥주
002070,비비안
052860,아이앤씨
153490,우리이앤엘
069920,엑시온그룹
023770,플레이위드
008470,부스타
133820,화인베스틸
373170,엠아이큐브솔루션
335810,프리시젼바이오
348080,큐라티스
090150,아이윈
006200,한국전자홀딩스
090370,메타랩스
148930,에이치와이티씨
138360,협진
065370,위세아이텍
333050,모코엠시스
289010,아이스크림에듀
179720,머니무브
001810,무림SP
002420,세기상사
332290,누보
048470,대동스틸
058450,한주에이알티
317240,TS트릴리온
196450,코아시아씨엠
290270,휴네시온
197140,디지캡
200580,메디쎄이
068940,셀피글로벌
012620,원일특강
071950,코아스
026040,제이에스티나
240600,유진테크놀로지
206950,볼빅
131760,파인텍
040160,누리플렉스
054300,팬스타엔터프라이즈
302920,더콘텐츠온
114450,그린생명과학
340810,씨유박스
003680,한성기업
403360,라피치
322780,코퍼스코리아
318010,팜스빌
351320,에스에이티이엔지
000950,전방
072520,제넨바이오
032680,소프트센
33637K,솔루스첨단소재1우
052460,아이크래프트
331520,밸로프
058110,멕아이씨에스
004365,세방우
451700,엔에이치스팩29호
372800,아이티아이즈
047080,한빛소프트
362990,드림인사이트
257990,나우코스
424980,마이크로투나노
005820,원림
354390,바스칸바이오제약
199730,바이오인프라
233250,메디안디노스틱
405000,플라즈맵
038950,파인디지털
001465,BYC우
318160,셀바이오휴먼텍
354200,엔젠바이오
017000,신원종합개발
143540,영우디에스피
198940,한주라이트메탈
048770,TPC
270210,에스알바이오텍
192410,휴림네트웍스
258610,케일럼
147760,피엠티
438700,버넥트
086060,진바이오텍
221800,유투바이오
187270,신화콘텍
217880,틸론
015260,에이엔피
412350,레이저쎌
035620,바른손이앤에이
379390,이성씨엔아이
317860,노드메이슨
034940,조아제약
303030,지니틱스
000760,이화산업
222420,쎄노텍
091340,S&K폴리텍
088290,이원컴포텍
328380,솔트웨어
191600,블루탑
078590,휴림에이텍
377460,위니아에이드
008600,윌비스
043710,서울리거
001070,대한방직
076340,관악산업
184230,SGA솔루션즈
267080,세븐브로이맥주
072950,빛샘전자
039310,세중
900110,이스트아시아홀딩스
011090,에넥스
000040,KR모터스
246250,에스엘에스바이오
361670,삼영에스앤씨
464680,KB제27호스팩
083470,이엠앤아이
009310,참엔지니어링
003495,대한항공우
244460,올리패스
068100,케이웨더
278990,EMB
001420,태원물산
019685,대교우B
355690,에이텀
317120,라닉스
005320,온타이드
247660,나노씨엠에스
193250,링크드
091970,나노캠텍
038530,케이바이오
113810,디젠스
900300,오가닉티코스메틱
060900,DGP
207490,에이펙스인텍
032800,판타지오
002690,동일제강
001000,신라섬유
045300,성우테크론
139050,BF랩스
067730,로지시스
018620,우진비앤지
208350,지란지교시큐리티
035460,기산텔레콤
080470,성창오토텍
368970,오에스피
258790,소프트캠프
092600,앤씨앤
060380,동양에스텍
033050,제이엠아이
011080,형지I&C
084870,TBH글로벌
225590,패션플랫폼
146060,율촌
012340,뉴인텍
101400,엔시트론
204630,스튜디오산타클로스
291650,압타머사이언스
169670,코스텍시스템
215380,우정바이오
005110,한창
025560,미래산업
331920,셀레믹스
221840,하이즈항공
131180,딜리
065570,삼영이엔씨
065060,지엔코
208710,바이오로그디바이스
258830,세종메디칼
009620,삼보산업
215480,토박스코리아
079650,서산
008775,호텔신라우
238200,비피도
045510,정원엔시스
322970,무진메디
214310,에스엘에너지
001685,대상우
014100,메디앙스
352940,인바이오
115530,씨엔플러스
468510,삼성스팩9호
054220,비츠로시스
070300,엑스큐어
073190,듀오백
095910,에스에너지
33626L,두산퓨얼셀2우B
014910,성문전자
237750,피앤씨테크
043090,더테크놀로지
071460,위니아
217620,디딤이앤에프
010400,우진아이엔에스
154030,아시아종묘
402420,켈스
009440,KC그린홀딩스
204210,스타에스엠리츠
149010,아이케이세미콘
312610,에이에프더블류
032080,아즈텍WB
00499K,롯데지주우
093380,풍강
054940,엑사이엔씨
020400,대동금속
080720,한국유니온제약
019660,글로본
290560,신시웨이
243870,굿센
028080,휴맥스홀딩스
094860,네오리진
230980,비유테크놀러지
002680,한탑
050120,ES큐브
076610,해성옵틱스
023790,동일철강
108675,LX하우시스우
076080,웰크론한텍
179530,애드바이오텍
251280,안지오랩
043200,파루
030350,드래곤플라이
010420,한솔PNS
017250,인터엠
289170,바이오텐
159910,스킨앤스킨
084670,동양고속
050760,에스폴리텍
042940,상지건설
025890,한국주강
088790,진도
900070,글로벌에스엠
365900,브이씨
039740,한국정보공학
341170,퓨쳐메디신
030720,동원수산
900280,골든센츄리
335870,윙스풋
449020,유안타제13호스팩
275630,에스에스알
083640,인콘
110020,전진바이오팜
066430,와이오엠
331660,한국미라클피플사
021040,대호특수강
130740,티피씨글로벌
000885,한화우
224060,더코디
134060,이퓨쳐
336040,타스컴
115570,스타플렉스
232830,시큐센
429270,시지트로닉스
005257,녹십자홀딩스2우
123010,아이윈플러스
044780,에이치케이
900120,씨엑스아이
227100,퀀텀온
008290,원풍물산
044380,주연테크
084695,대상홀딩스우
103230,에스앤더블류
004105,태양금속우
048830,엔피케이
063760,이엘피
308100,까스텔바작
044480,빌리언스
291810,핀텔
002355,넥센타이어1우B
439410,엔에이치스팩26호
065150,대산F&B
085810,알티캐스트
390110,애니메디솔루션
900260,로스웰
000087,하이트진로2우B
079190,케스피온
352770,클리노믹스
466910,엔에이치스팩30호
069330,유아이디
229000,젠큐릭스
067770,세진티에스
225430,케이엠제약
154040,다산솔루에타
060480,국일신동
062970,한국첨단소재
035290,골드앤에스
054410,케이피티유
344860,이노진
476710,타조엔터테인먼트
089230,THE E&M
025620,제이준코스메틱
456700,길교이앤씨
101680,한국정밀기계
016670,디모아
457390,대신밸런스제15호스팩
177350,베셀
123750,알톤
019570,플루토스
215790,이노인스트루먼트
065170,비엘팜텍
086220,광동헬스바이오
000075,삼양홀딩스우
054180,메디콕스
001770,SHD
440820,엔에이치스팩27호
188260,세니젠
031860,에스유홀딩스
052960,태양3C
482680,미래에셋비전스팩7호
477380,미래에셋비전스팩4호
424140,케이비제21호스팩
084440,유비온
106520,노블엠앤비
478780,대신밸런스제18호스팩
079950,인베니아
053060,세동
096870,엘디티
457630,대신밸런스제16호스팩
224810,엄지하우스
196700,웹스
051780,큐로홀딩스
422040,엔에이치스팩23호
054090,삼진엘앤디
191410,육일씨엔에쓰
35320K,대덕전자1우
043360,디지아이
149300,아퓨어스
208850,이비테크
121890,에스디시스템
222670,플럼라인생명과학
049470,SGA
477340,에이치엠씨제7호스팩
043590,웰킵스하이텍
152550,한국ANKOR유전
469880,하나30호스팩
001795,대한제당우
33637L,솔루스첨단소재2우B
454750,하나28호스팩
442310,대신밸런스제14호스팩
430220,신영스팩8호
027040,서울전자통신
065420,에스아이리소스
424760,벨로크
250030,진코스텍
140910,에이리츠
473050,유안타제15호스팩
224760,엔에스컴퍼니
479880,한국제15호스팩
478440,미래에셋비전스팩6호
069140,누리플랜
007815,코리아써우
073540,에프알텍
311960,에이아이더뉴트리진
065690,파커스
223220,로지스몬
004835,덕성우
412930,미래에셋비전스팩1호
351020,미쥬
060260,뉴보텍
001067,JW중외제약2우B
004255,NPC우
178600,대동고려삼
043100,알파녹스
481890,엔에이치스팩31호
054630,에이디칩스
478390,KB제29호스팩
070590,한솔인티큐브
446840,키움제8호스팩
446750,하나26호스팩
002025,코오롱우
471050,대신밸런스제17호스팩
050090,비케이홀딩스
489730,디비금융제13호스팩
18064K,한진칼우
253610,루트락
482520,교보16호스팩
456440,DB금융스팩11호
341310,이앤에치
477760,DB금융스팩12호
168490,한국패러랠
026910,광진실업
435380,유안타제10호스팩
406760,하나금융21호스팩
008500,일정실업
38380K,LX홀딩스1우
106240,파인테크닉스
238170,엔에스엠
174880,장원테크
425290,삼성스팩6호
476470,KB제28호스팩
418170,하나금융22호스팩
044180,KD
448370,하나27호스팩
445970,신영스팩9호
145995,삼양사우
474660,신한제12호스팩
469900,하나31호스팩
482690,대신밸런스제19호스팩
477470,미래에셋비전스팩5호
458320,KB제26호스팩
199150,데이터스트림즈
454640,하나29호스팩
474490,유안타제16호스팩
430700,유안타제9호스팩
238500,로보쓰리에이아이
250930,예선테크
005725,넥센우
060240,스타코링크
202960,판도라티비
486630,KB제30호스팩
279060,이노벡스
437780,엔에이치스팩24호
444920,유안타제11호스팩
446190,미래에셋비전스팩2호
254160,제이엠멀티
452670,상상인제4호스팩
455910,에스케이증권제9호스팩
448830,미래에셋비전스팩3호
489210,교보17호스팩
450050,하이제8호스팩
455310,한화플러스제4호스팩
003075,코오롱글로벌우
478110,이베스트스팩6호
114920,대주이엔티
472220,신영스팩10호
446150,유안타제12호스팩
236340,메디젠휴먼케어
001065,JW중외제약우
477530,한국제14호스팩
488060,유진스팩11호
448760,IBKS제22호스팩
000225,유유제약1우
233990,질경이
439730,IBKS제20호스팩
450940,유안타제14호스팩
318660,타임기술
212310,오건에코텍
430460,한화플러스제3호스팩
03481K,해성산업1우
484130,하나34호스팩
244880,나눔테크
467930,IBKS제23호스팩
445360,비엔케이제1호스팩
455250,KB제25호스팩
442770,IBKS제21호스팩
473950,에스케이증권제13호스팩
258540,에스엘테라퓨틱스
458610,한국제12호스팩
464440,한국제13호스팩
468760,유진스팩10호
487830,신한제15호스팩
456490,교보14호스팩
469480,IBKS제24호스팩
462020,에이치엠씨제6호스팩
086460,큐러블
440790,교보13호스팩
472230,에스케이증권제11호스팩
473370,비엔케이제2호스팩
00806K,대덕1우
418210,신한제10호스팩
185190,수프로
079970,투비소프트
465320,교보15호스팩
112190,KC산업
435870,에스케이증권제8호스팩
433530,키움제7호스팩
189350,코셋
475250,하나33호스팩
447690,아이오바이오
474930,신한제13호스팩
004985,성신양회우
442130,유진스팩9호
26490K,크라운제과우
066830,제노텍
45014K,코오롱모빌리티그룹우
323230,엠에프엠코리아
006345,대원전선우
457940,에스케이증권제10호스팩
234070,에이원알폼
413600,키움제6호스팩
199290,바이오프로테크
473000,에스케이증권제12호스팩
475240,하나32호스팩
217910,에스제이켐
001515,SK증권우
001755,한양증권우
116100,태양기계
45226K,한화갤러리아우
000325,노루홀딩스우
438580,엔에이치스팩25호
446600,카이바이오텍
276240,엘리비젼
090355,노루페인트우
448780,마이크로엔엑스
092590,럭스피아
266470,바이오인프라생명과학
014825,동원시스템즈우
000145,하이트진로홀딩스우
36328K,티와이홀딩스우
283100,노보믹스
005965,동부건설우
005745,크라운해태홀딩스우
208890,미래엔에듀파트너
266870,파워풀엑스
346010,타이드
008355,남선알미우
007575,일양약품우
004545,깨끗한나라우
266350,팡스카이
121060,유니포인트
023460,CNH
266170,뿌리깊은나무들
00781K,코리아써키트2우B
002995,금호건설우
000545,흥국화재우
012205,계양전기우
014285,금강공업우
103660,씨앗
136660,큐엠씨
296520,가이아코퍼레이션
011155,CJ씨푸드1우
299480,지앤이헬스케어
000227,유유제약2우B
009415,태영건설우
140660,위월드
002785,진흥기업우B
002787,진흥기업2우B
032685,소프트센우
258050,테크트랜스
215570,크로넥스
001525,동양우
001527,동양2우B
004415,서울식품우
014915,성문전자우
217320,썬테크
236030,씨알푸드
021045,대호특수강우
245450,씨앤에스링크
288490,나라소프트
308700,테크엔
413300,티엘엔지니어링
419700,이브이파킹서비스
459580,KODEX CD금리액티브(합성)
360750,TIGER 미국S&P500
357870,TIGER CD금리투자KIS(합성)
069500,KODEX 200
488770,KODEX 머니마켓액티브
133690,TIGER 미국나스닥100
423160,KODEX KOFR금리액티브(합성)
379800,KODEX 미국S&P500TR
449170,TIGER KOFR금리액티브(합성)
381170,TIGER 미국테크TOP10 INDXX
273130,KODEX 종합채권(AA-이상)액티브
381180,TIGER 미국필라델피아반도체나스닥
455890,RISE 머니마켓액티브
278530,KODEX 200TR
122630,KODEX 레버리지
458730,TIGER 미국배당다우존스
310970,TIGER MSCI Korea TR
102110,TIGER 200
453850,ACE 미국30년국채액티브(H)
481050,KODEX CD1년금리플러스액티브(합성)
379810,KODEX 미국나스닥100TR
233740,KODEX 코스닥150레버리지
371460,TIGER 차이나전기차SOLACTIVE
360200,ACE 미국S&P500
214980,KODEX 단기채권PLUS
453540,TIGER 25-10 회사채(A+이상)액티브
385540,RISE 종합채권(A-이상)액티브
367380,ACE 미국나스닥100
229200,KODEX 코스닥150
252670,KODEX 200선물인버스2X
476550,TIGER 미국30년국채커버드콜액티브(H)
494900,TIGER 25-12 금융채(AA-이상)
475630,TIGER CD1년금리액티브(합성)
148020,RISE 200
102780,KODEX 삼성그룹
491080,KODEX 25-12 은행채(AAA)액티브
305720,KODEX 2차전지산업
476810,KODEX 25-11 은행채(AA-이상)PLUS액티브
458760,TIGER 미국배당다우존스타겟커버드콜2호
368590,RISE 미국나스닥100
305540,TIGER 2차전지테마
477080,RISE CD금리액티브(합성)
278540,KODEX MSCI Korea TR
457480,ACE 테슬라밸류체인액티브
379780,RISE 미국S&P500
436140,SOL 종합채권(AA-이상)액티브
446720,SOL 미국배당다우존스
356540,ACE 종합채권(AA-이상)KIS액티브
294400,KIWOOM 200TR
157450,TIGER 단기통안채
315930,KODEX Top5PlusTR
153130,KODEX 단기채권
453870,TIGER 인도니프티50
411060,ACE KRX금현물
451540,TIGER 종합채권(AA-이상)액티브
458250,TIGER 미국30년국채스트립액티브(합성 H)
292150,TIGER TOP10
329750,TIGER 미국달러단기채권액티브
465580,ACE 미국빅테크TOP7 Plus
402970,ACE 미국배당다우존스
314250,KODEX 미국빅테크10(H)
396500,TIGER Fn반도체TOP10
466920,SOL 조선TOP3플러스
486290,TIGER 미국나스닥100타겟데일리커버드콜
371160,TIGER 차이나항셍테크
329200,TIGER 리츠부동산인프라
114800,KODEX 인버스
091160,KODEX 반도체
152100,PLUS 200
456610,TIGER 미국달러SOFR금리액티브(합성)
139260,TIGER 200 IT
469830,SOL 초단기채권액티브
272580,TIGER 단기채권액티브
390390,KODEX 미국반도체MV
481060,KODEX 미국30년국채타겟커버드콜(합성 H)
439870,KODEX 국고채30년액티브
091180,KODEX 자동차
474220,TIGER 미국테크TOP10타겟커버드콜
462010,TIGER 2차전지소재Fn
114260,KODEX 국고채3년
161510,PLUS 고배당주
455030,KODEX 미국달러SOFR금리액티브(합성)
453810,KODEX 인도Nifty50
479080,1Q 머니마켓액티브
196230,RISE 단기통안채
226490,KODEX 코스피
472870,RISE 미국30년국채엔화노출(합성 H)
148070,KIWOOM 국고채10년
251350,KODEX 선진국MSCI World
447770,TIGER 테슬라채권혼합Fn
293180,HANARO 200
449180,KODEX 미국S&P500(H)
441680,TIGER 미국나스닥100커버드콜(합성)
105190,ACE 200
446770,ACE 글로벌반도체TOP4 Plus SOLACTIVE
483280,KODEX 미국AI테크TOP10타겟커버드콜
477050,PLUS 머니마켓액티브
454780,KIWOOM 종합채권(AA-이상)액티브
385560,RISE KIS국고채30년Enhanced
473290,KODEX 26-12 회사채(AA-이상)액티브
448290,TIGER 미국S&P500TR(H)
456600,TIMEFOLIO 글로벌AI인공지능액티브
451000,PLUS 종합채권(AA-이상)액티브
302190,TIGER 중장기국채
484790,KODEX 미국30년국채액티브(H)
364980,TIGER 2차전지TOP10
449190,KODEX 미국나스닥100(H)
482730,TIGER 미국S&P500타겟데일리커버드콜
091170,KODEX 은행
491610,1Q CD금리액티브(합성)
069660,KIWOOM 200
476450,KIWOOM 머니마켓액티브
438330,TIGER 투자등급회사채액티브
439860,KODEX ESG종합채권(A-이상)액티브
489250,KODEX 미국배당다우존스
304660,KODEX 미국30년국채울트라선물(H)
471230,KODEX 국고채10년액티브
394660,TIGER 글로벌자율주행&전기차SOLACTIVE
497570,TIGER 미국필라델피아AI반도체나스닥
466940,TIGER 은행고배당플러스TOP10
475720,RISE 200위클리커버드콜
455850,SOL AI반도체소부장
467940,KODEX 25-11 회사채(A+이상)액티브
143860,TIGER 헬스케어
480260,TIGER 27-04회사채(A+이상)액티브
479520,RISE KOFR금리액티브(합성)
449450,PLUS K방산
251340,KODEX 코스닥150선물인버스
463290,1Q 단기금융채액티브
438080,ACE 미국S&P500채권혼합액티브
487340,ACE CD금리&초단기채권액티브
426030,TIMEFOLIO 미국나스닥100액티브
487230,KODEX 미국AI전력핵심인프라
365780,ACE 국고채10년
394670,TIGER 글로벌리튬&2차전지SOLACTIVE(합성)
452360,SOL 미국배당다우존스(H)
241180,TIGER 일본니케이225
475080,KODEX 테슬라커버드콜채권혼합액티브
388420,RISE 비메모리반도체액티브
448300,TIGER 미국나스닥100TR(H)
091230,TIGER 반도체
228790,TIGER 화장품
466950,TIGER 글로벌AI액티브
245710,ACE 베트남VN30(합성)
423920,TIGER 미국필라델피아반도체레버리지(합성)
488980,SOL 26-12 회사채(AA-이상)액티브
472160,TIGER 미국테크TOP10 INDXX(H)
494890,KODEX 200액티브
499660,TIGER CD금리플러스액티브(합성)
200250,KIWOOM 인도Nifty50(합성)
490490,SOL 미국배당미국채혼합50
367770,RISE 수소경제테마
488500,TIGER 미국S&P500동일가중
290130,RISE ESG사회책임투자
361580,RISE 200TR
395270,HANARO Fn K-반도체
462330,KODEX 2차전지산업레버리지
473330,SOL 미국30년국채커버드콜(합성)
473460,KODEX 미국서학개미
261260,KODEX 미국달러선물인버스2X
329650,KODEX TRF3070
480020,ACE 미국빅테크7+데일리타겟커버드콜(합성)
132030,KODEX 골드선물(H)
456880,ACE 미국달러SOFR금리(합성)
295040,SOL 200TR
409820,KODEX 미국나스닥100레버리지(합성 H)
472170,TIGER 미국테크TOP10채권혼합
272560,RISE 단기국공채액티브
273140,KODEX 단기변동금리부채권액티브
277630,TIGER 코스피
461490,RISE 글로벌자산배분액티브
481180,SOL 미국AI소프트웨어
458210,KIWOOM CD금리액티브(합성)
473440,ACE 11월만기자동연장회사채AA-이상액티브
458260,TIGER 미국투자등급회사채액티브(H)
143850,TIGER 미국S&P500선물(H)
483230,RISE 25-06 은행채(AA+이상)액티브
498270,KIWOOM 미국양자컴퓨팅
434060,KODEX TDF2050액티브
192090,TIGER 차이나CSI300
435420,TIGER 미국나스닥100TR채권혼합Fn
461270,ACE 26-06 회사채(AA-이상)액티브
495850,KODEX 코리아밸류업
422420,RISE 2차전지액티브
363570,KODEX 장기종합채권(AA-이상)액티브
448540,ACE 엔비디아채권혼합블룸버그
464930,TIGER 글로벌혁신블루칩TOP10
476690,TIGER 글로벌비만치료제TOP2Plus
451530,TIGER 국고채30년스트립액티브
190620,ACE 단기통안채
480030,ACE 미국500데일리타겟커버드콜(합성)
372330,KODEX 차이나항셍테크
448600,RISE 25-11 회사채(AA-이상)액티브
305080,TIGER 미국채10년선물
481190,SOL 미국테크TOP10
414780,TIGER 차이나과창판STAR50(합성)
494300,KODEX 미국나스닥100데일리커버드콜OTM
438100,ACE 미국나스닥100채권혼합액티브
441640,KODEX 미국배당커버드콜액티브
479730,TIGER 인도빌리언컨슈머
244580,KODEX 바이오
219480,KODEX 미국S&P500선물(H)
364960,TIGER BBIG
476800,KODEX 한국부동산리츠인프라
496080,TIGER 코리아밸류업
364970,TIGER 바이오TOP10
461500,HANARO 종합채권(AA-이상)액티브
182480,TIGER 미국MSCI리츠(합성 H)
309230,ACE 미국WideMoat동일가중
433330,SOL 미국S&P500
483320,ACE 엔비디아밸류체인액티브
445290,KODEX K-로봇액티브
455860,SOL 2차전지소부장Fn
462900,KoAct 바이오헬스케어액티브
461950,KODEX 2차전지핵심소재10
491230,PLUS 국공채머니마켓액티브
493810,TIGER 미국AI빅테크10타겟데일리커버드콜
462540,SOL 25-09 회사채(AA-이상)액티브
498180,파워 종합채권(AA-이상)액티브
486450,SOL 미국AI전력인프라
485540,KODEX 미국AI테크TOP10
492500,1Q 현대차그룹채권(A+이상)&국고통안
483290,KODEX 미국배당다우존스타겟커버드콜
490090,TIGER 미국AI빅테크10
326240,RISE IT플러스
282000,RISE 국고채3년선물인버스
0000Y0,HK 26-12 회사채(AA-이상)액티브
466400,1Q 25-08 회사채(A+이상)액티브
437080,KODEX 미국종합채권ESG액티브(H)
438570,SOL 국고채10년
418660,TIGER 미국나스닥100레버리지(합성)
232080,TIGER 코스닥150
465350,RISE 2차전지TOP10인버스(합성)
487240,KODEX AI전력핵심설비
451060,1Q K200액티브
472920,HK 종합채권(AA-이상)액티브
304940,KODEX 미국나스닥100선물(H)
476750,ACE 미국30년국채엔화노출액티브(H)
463050,TIMEFOLIO K바이오액티브
0001S0,TIGER 26-04 회사채(A+이상)액티브
168580,ACE 중국본토CSI300
328370,PLUS 코스피TR
412770,TIGER 글로벌메타버스액티브
275980,TIGER 글로벌4차산업혁신기술(합성 H)
481430,RISE 국고채10년액티브
385550,RISE 단기종합채권(AA-이상)액티브
494670,TIGER 조선TOP10
245340,TIGER 미국다우존스30
441800,TIMEFOLIO Korea플러스배당액티브
471990,KODEX AI반도체핵심장비
495710,BNK 26-06 특수채(AAA이상)액티브
465780,마이티 26-09 특수채(AAA)액티브
489870,KIWOOM 25-09 회사채(AA-이상)액티브
157490,TIGER 소프트웨어
283580,KODEX 차이나CSI300
464240,KIWOOM 26-09회사채(AA-이상)액티브
0005A0,KODEX 미국S&P500데일리커버드콜OTM
496020,WON 전단채플러스액티브
401470,KODEX K-메타버스액티브
130730,KIWOOM 단기자금
429000,TIGER 미국S&P500배당귀족
292560,TIGER 일본엔선물
480310,TIGER 글로벌온디바이스AI
419890,KIWOOM 단기채권ESG액티브
401170,RISE 메타버스
228800,TIGER 여행레저
302450,RISE 코스피
465610,ACE 미국빅테크TOP7 Plus레버리지(합성)
138520,TIGER 삼성그룹펀더멘털
461260,ACE 25-06 회사채(AA-이상)액티브
139230,TIGER 200 중공업
270810,RISE 코스닥150
204480,TIGER 차이나CSI300레버리지(합성)
332930,HANARO 200TR
400970,TIGER Fn메타버스
0007F0,KODEX 27-12 회사채(AA-이상)액티브
480040,ACE 미국반도체데일리타겟커버드콜(합성)
144600,KODEX 은선물(H)
136340,RISE 중기우량회사채
284430,KODEX 200미국채혼합
449770,KIWOOM 미국S&P500
325010,KODEX 성장주
472150,TIGER 배당커버드콜액티브
486830,HANARO 머니마켓액티브
452250,ACE 미국30년국채선물레버리지(합성 H)
228810,TIGER 미디어컨텐츠
489030,PLUS 고배당주위클리커버드콜
213610,KODEX 삼성그룹밸류
453010,PLUS KOFR금리
476760,ACE 미국30년국채액티브
464540,RISE 25-03 회사채(AA-이상)액티브
475280,ACE 8월만기자동연장회사채AA-이상액티브
150460,TIGER 중국소비테마
266420,KODEX 헬스케어
267770,TIGER 200선물레버리지
278240,RISE 코스닥150선물레버리지
412570,TIGER 2차전지TOP10레버리지
458750,TIGER 미국배당다우존스타겟커버드콜1호
478150,TIMEFOLIO 글로벌우주테크&방산액티브
494310,KODEX 반도체레버리지
325020,KODEX 배당가치
252710,TIGER 200선물인버스2X
454320,HANARO CAPEX설비투자iSelect
497880,SOL CD금리&머니마켓액티브
464310,TIGER 글로벌AI&로보틱스 INDXX
468820,WON 25-09 회사채(AA-이상)액티브
295020,RISE 국채선물10년인버스
225040,TIGER 미국S&P500레버리지(합성 H)
476070,KODEX 글로벌비만치료제TOP2 Plus
448330,KODEX 삼성전자채권혼합
310960,TIGER 200TR
399110,SOL 미국S&P500ESG
174360,RISE 중국본토대형주CSI100
138540,TIGER 현대차그룹+펀더멘털
139280,TIGER 경기방어
269540,PLUS 미국S&P500(H)
395290,HANARO Fn K-POP&미디어
461460,PLUS 국고채10년액티브
469070,RISE AI&로봇
319640,TIGER 골드선물(H)
195980,PLUS 신흥국MSCI(합성 H)
308620,KODEX 미국10년국채선물
463300,RISE 중국본토CSI300
261240,KODEX 미국달러선물
414270,ACE 글로벌자율주행액티브
471760,TIGER AI반도체핵심공정
437070,KODEX 아시아달러채권ESG플러스액티브
489570,HANARO 25-12 은행채(AA+이상)액티브
411420,KODEX 미국메타버스나스닥액티브
236350,TIGER 인도니프티50레버리지(합성)
473590,ACE 미국주식베스트셀러
266160,RISE 고배당
453330,RISE 미국S&P500(H)
204450,KODEX 차이나H레버리지(H)
329660,KODEX TRF5050
114820,TIGER 국채3년
233160,TIGER 코스닥150 레버리지
423170,SOL 한국형글로벌반도체액티브
261220,KODEX WTI원유선물(H)
261270,KODEX 미국달러선물인버스
455960,RISE 미국달러SOFR금리액티브(합성)
440640,ACE 단기채권알파액티브
498400,KODEX 200타겟위클리커버드콜
203780,TIGER 미국나스닥바이오
278620,PLUS 단기채권액티브
447620,SOL 미국TOP5채권혼합40 Solactive
487910,ACE 인도컨슈머파워액티브
475350,RISE 버크셔포트폴리오TOP10
442320,RISE 글로벌원자력
395170,KODEX Top10동일가중
272910,ACE 중장기국공채액티브
329670,KODEX TRF7030
441540,HANARO Fn조선해운
490600,RISE 미국배당100데일리고정커버드콜
407830,에셋플러스 글로벌플랫폼액티브
461600,SOL 미국30년국채액티브(H)
251600,PLUS 고배당주채권혼합
484880,SOL 금융지주플러스고배당
484890,SOL 머니마켓액티브
453080,KIWOOM 미국나스닥100(H)
491220,PLUS 200TR
403790,마이다스 코스피액티브
491010,TIGER 글로벌AI인프라액티브
315960,RISE 대형고배당10TR
456680,TIGER 차이나전기차레버리지(합성)
434730,HANARO 원자력iSelect
465660,TIGER 일본반도체FACTSET
464920,PLUS 일본반도체소부장
114100,RISE 국고채3년
322400,HANARO e커머스
385720,TIMEFOLIO 코스피액티브
460960,ACE 글로벌인컴TOP10 SOLACTIVE
245360,TIGER 차이나HSCEI
475270,ACE 5월만기자동연장회사채AA-이상액티브
495050,RISE 코리아밸류업
426150,WON 대한민국국고채액티브
0000D0,TIGER 엔비디아미국채커버드콜밸런스(합성)
496090,KIWOOM 코리아밸류업
475260,ACE 2월만기자동연장회사채AA-이상액티브
483340,ACE 구글밸류체인액티브
152380,KODEX 국채선물10년
123320,TIGER 레버리지
099140,KODEX 차이나H
458030,WON 단기국공채액티브
477730,KODEX 인도타타그룹
465330,RISE 2차전지TOP10
448490,HANARO 32-10 국고채액티브
400570,KODEX 유럽탄소배출권선물ICE(H)
385510,KODEX K-신재생에너지액티브
271050,KODEX WTI원유선물인버스(H)
483330,ACE 마이크로소프트밸류체인액티브
261250,KODEX 미국달러선물레버리지
485690,RISE 미국AI밸류체인TOP3Plus
280930,KODEX 미국러셀2000(H)
122260,KIWOOM 통안채1년
336160,RISE 금융채액티브
152870,파워 200
266360,KODEX 미디어&엔터테인먼트
471040,KoAct 글로벌AI&로봇액티브
475380,RISE 글로벌리얼티인컴
464470,PLUS 미국채30년액티브
108450,ACE 삼성그룹섹터가중
276970,KODEX 미국S&P500배당귀족커버드콜(합성 H)
365000,TIGER 인터넷TOP10
473490,KIWOOM 글로벌AI반도체
466930,SOL 자동차TOP3플러스
476030,SOL 미국나스닥100
138230,KIWOOM 미국달러선물
248270,TIGER S&P글로벌헬스케어(합성)
426020,TIMEFOLIO 미국S&P500액티브
468380,KODEX iShares미국하이일드액티브
332500,ACE 200TR
227540,TIGER 200 헬스케어
337160,KODEX 200ESG
469150,ACE AI반도체포커스
371450,TIGER 글로벌클라우드컴퓨팅INDXX
123310,TIGER 인버스
363580,KODEX 200IT TR
117700,KODEX 건설
493420,SOL 미국배당다우존스TR
279530,KODEX 고배당
498410,KODEX 금융고배당TOP10타겟위클리커버드콜
453820,KODEX 인도Nifty50레버리지(합성)
237350,KODEX 코스피100
469170,ACE 포스코그룹포커스
195930,TIGER 유로스탁스50(합성 H)
475050,ACE KPOP포커스
332620,PLUS 미국장기우량회사채
368190,HANARO Fn K-뉴딜디지털플러스
445150,KODEX K-친환경조선해운액티브
388280,RISE 컨택트대표
102970,KODEX 증권
421320,PLUS 우주항공&UAM
487920,ACE 인도시장대표BIG5그룹액티브
453950,TIGER TSMC파운드리밸류체인
332940,HANARO MSCI Korea TR
434960,DAISHIN343 K200
352560,KODEX 미국부동산리츠(H)
304780,HANARO 200선물레버리지
395160,KODEX 시스템반도체
491090,KODEX 미국테크1조달러기업포커스
444490,WON 미국S&P500
495550,SOL 코리아밸류업TR
371470,TIGER 차이나바이오테크SOLACTIVE
471460,KIWOOM 국고채30년액티브
287180,PLUS 미국나스닥테크
479620,SOL 미국AI반도체칩메이커
440340,TIGER 글로벌멀티에셋TIF액티브
167860,KIWOOM 국고채10년레버리지
298770,KODEX 한국대만IT프리미어
160580,TIGER 구리실물
332610,PLUS 미국단기회사채(AAA~A)
200030,KODEX 미국S&P500산업재(합성)
359210,KODEX 코스피TR
300640,RISE 게임테마
495230,KoAct 코리아밸류업액티브
472830,RISE 미국30년국채커버드콜(합성)
476850,KoAct 배당성장액티브
461340,HANARO 글로벌생성형AI액티브
271060,KODEX 3대농산물선물(H)
438320,TIGER 차이나항셍테크레버리지(합성 H)
453650,KODEX 미국S&P500금융
101280,KODEX 일본TOPIX100
394350,KIWOOM 글로벌퓨처모빌리티
367760,RISE 5G테크
495040,PLUS 코리아밸류업
495940,RISE 미국AI테크액티브
451600,PLUS 국고채30년액티브
469050,RISE 미국반도체NYSE(H)
469160,ACE 일본반도체
218420,KODEX 미국S&P500에너지(합성)
256750,KODEX 차이나심천ChiNext(합성)
272570,RISE 중장기국공채액티브
211560,TIGER 배당성장
256440,ACE 인도네시아MSCI(합성)
497780,KoAct 미국천연가스인프라액티브
448570,FOCUS AI코리아액티브
139660,KIWOOM 미국달러선물인버스
387270,TIGER 글로벌이노베이션액티브
433980,KODEX TDF2040액티브
360140,KODEX 200롱코스닥150숏선물
440910,WON 미국우주항공방산
326230,RISE 내수주플러스
289480,TIGER 200커버드콜
409810,KODEX 미국나스닥100선물인버스(H)
419430,KODEX 차이나2차전지MSCI(합성)
437350,RISE 미국단기투자등급회사채액티브
433970,KODEX TDF2030액티브
276650,RISE 글로벌테크놀로지(합성 H)
453640,KODEX 미국S&P500헬스케어
237370,KODEX 배당성장채권혼합
495330,1Q 코리아밸류업
494840,TIGER 미국방산TOP10
169950,KODEX 차이나A50
496120,ACE 코리아밸류업
450910,SOL 코스닥150
261070,TIGER 코스닥150바이오테크
429760,PLUS 미국S&P500
474590,WON 반도체밸류체인액티브
463680,KODEX 미국S&P500테크놀로지
494410,PLUS 미국S&P500성장주
276990,KODEX 글로벌로봇(합성)
238720,ACE 일본Nikkei225(H)
463250,TIGER 우주방산
354500,ACE 코스닥150
354350,HANARO 글로벌럭셔리S&P(합성)
495750,HANARO 코리아밸류업
375770,KODEX 탄소효율그린뉴딜
396520,TIGER 차이나반도체FACTSET
483240,TIGER 미국나스닥100ETF선물
210780,TIGER 코스피고배당
277540,ACE 아시아TOP50S&P
250730,RISE 차이나HSCEI(H)
243880,TIGER 200IT레버리지
139220,TIGER 200 건설
457690,KODEX 33-06 국고채액티브
363510,SOL KIS단기통안채
196030,ACE 일본TOPIX레버리지(H)
411050,ACE 글로벌메타버스테크액티브
0000J0,PLUS 한화그룹주
140700,KODEX 보험
0000Z0,RISE 바이오TOP10액티브
117460,KODEX 에너지화학
252420,RISE 200선물인버스2X
459560,KODEX 테슬라밸류체인FactSet
377990,TIGER Fn신재생에너지
490480,SOL K방산
300950,KODEX 게임산업
225800,KIWOOM 미국달러선물레버리지
457700,KODEX 53-09 국고채액티브
418670,TIGER 글로벌사이버보안INDXX
352540,KODEX 일본부동산리츠(H)
442260,마이티 다이나믹퀀트액티브
442570,RISE TDF2050액티브
354240,RISE 미국고정배당우선증권 TR
114460,ACE 국고채3년
494180,TIMEFOLIO 글로벌소비트렌드액티브
488080,TIGER 반도체TOP10레버리지
139250,TIGER 200 에너지화학
489290,WON 미국빌리어네어
130680,TIGER 원유선물Enhanced(H)
494330,ACE 라이프자산주주가치액티브
385590,ACE ESG액티브
341850,TIGER 리츠부동산인프라채권TR KIS
269420,KODEX S&P글로벌인프라(합성)
438560,SOL 국고채3년
481340,RISE 미국30년국채액티브
266370,KODEX IT
494340,ACE 글로벌AI맞춤형반도체
364990,TIGER 게임TOP10
396510,TIGER 차이나클린에너지SOLACTIVE
488720,WON 종합채권(AA-이상)액티브
447430,ACE 주주환원가치주액티브
387280,TIGER 퓨처모빌리티액티브
447660,PLUS 애플채권혼합
486240,DAISHIN343 AI반도체&인프라액티브
417630,TIGER KEDI혁신기업ESG30
252400,RISE 200선물레버리지
449780,KIWOOM 미국S&P500(H)
185680,KODEX 미국S&P바이오(합성)
261120,TIGER 미국달러선물인버스2X
213630,PLUS 미국다우존스고배당주(합성 H)
395150,KODEX 웹툰&드라마
491620,RISE 미국테크100데일리고정커버드콜
114470,KIWOOM 국고채3년
445690,BNK 주주가치액티브
440650,ACE 미국달러단기채권액티브
381560,HANARO Fn전기&수소차
459790,KIWOOM 미국성장기업30액티브
468630,KODEX iShares미국투자등급회사채액티브
490590,RISE 미국AI밸류체인데일리고정커버드콜
385520,KODEX K-미래차액티브
444200,SOL KEDI메가테크액티브
483420,ACE 애플밸류체인액티브
292190,KODEX KRX300
280320,ACE 미국IT인터넷S&P(합성 H)
415340,KODEX 차이나과창판STAR50(합성)
467620,KIWOOM 25-09 미국채권(AA-이상)액티브
265690,ACE 러시아MSCI(합성)
472350,1Q 차이나H(H)
494420,PLUS 미국배당증가성장주데일리커버드콜
491830,TIGER 미국AI반도체팹리스
448630,RISE 삼성그룹Top3채권혼합
438900,HANARO Fn K-푸드
211900,KODEX 배당성장
459750,RISE 글로벌주식분산액티브
137610,TIGER 농산물선물Enhanced(H)
292770,KODEX 국채선물3년인버스
219390,RISE 미국S&P원유생산기업(합성 H)
491510,파워 K-주주가치액티브
195970,PLUS 선진국MSCI(합성 H)
461910,PLUS 미국테크TOP10레버리지(합성)
483570,KCGI 미국S&P500 TOP10
183700,RISE 채권혼합
316670,KIWOOM 코스닥150
410870,TIMEFOLIO K컬처액티브
304770,HANARO 코스닥150
253290,RISE 헬스케어채권혼합
446700,RISE 배터리 리사이클링
117680,KODEX 철강
391600,ACE 미국친환경그린테마INDXX
435040,ACE 글로벌브랜드TOP10블룸버그
407310,HANARO 200 TOP10
474920,에셋플러스 차이나일등기업포커스10액티브
241390,RISE V&S셀렉트밸류채권혼합
139270,TIGER 200 금융
456250,KODEX 유럽명품TOP10 STOXX
104530,KIWOOM 고배당
453660,KODEX 미국S&P500경기소비재
463640,KODEX 미국S&P500유틸리티
496770,PLUS 글로벌방산
433500,ACE 원자력테마딥서치
250780,TIGER 코스닥150선물인버스
482870,HANARO 주주가치성장코리아액티브
407820,에셋플러스 코리아플랫폼액티브
465670,TIGER 미국캐시카우100
461900,PLUS 미국테크TOP10
245350,TIGER 유로스탁스배당30
269370,TIGER S&P글로벌인프라(합성)
463690,KODEX 미국S&P500커뮤니케이션
451670,RISE 국채30년레버리지(합성)
138910,KODEX 구리선물(H)
140710,KODEX 운송
217780,TIGER 차이나CSI300인버스(합성)
140950,파워 코스피100
460660,RISE 미국S&P배당킹
306950,KODEX KRX300레버리지
422260,VITA MZ소비액티브
469060,RISE 미국반도체NYSE
417450,RISE 글로벌수소경제
449690,TIGER 한중반도체(합성)
223190,KODEX 200가치저변동
102960,KODEX 기계장비
471290,HANARO CD금리액티브(합성)
475300,SOL 반도체전공정
275300,KODEX MSCI퀄리티
400590,SOL 글로벌탄소배출권선물ICE(합성)
239660,PLUS 우량회사채50
395280,HANARO Fn K-게임
182490,TIGER 단기선진하이일드(합성 H)
453060,HANARO KOFR금리액티브(합성)
300610,TIGER K게임
430500,KIWOOM 물가채KIS
487950,KODEX 대만테크고배당다우존스
195920,TIGER 일본TOPIX(합성 H)
266410,KODEX 필수소비재
453630,KODEX 미국S&P500필수소비재
0001P0,마이티 바이오시밀러&CDMO액티브
428560,KODEX 미국ETF산업Top10 Indxx
276000,TIGER 글로벌자원생산기업(합성 H)
385600,ACE 2차전지&친환경차액티브
474390,SOL 국고채30년액티브
289260,TIGER MSCI KOREA ESG리더스
275290,KODEX MSCI밸류
337140,KODEX 코스피대형주
291130,ACE 멕시코MSCI(합성)
472840,ITF 200
156080,KODEX MSCI Korea
275280,KODEX MSCI모멘텀
499150,SOL 미국S&P500엔화노출(H)
419650,PLUS 글로벌수소&차세대연료전지
461450,KODEX 코스닥글로벌
105780,RISE 5대그룹주
290080,RISE 200고배당커버드콜ATM
479850,HANARO K-뷰티
483030,KIWOOM 미국블록버스터바이오테크의약품+
400580,SOL 유럽탄소배출권선물S&P(H)
230480,KIWOOM 미국달러선물인버스2X
0005C0,RISE 미국S&P500엔화노출(합성 H)
433220,에셋플러스 글로벌대장장이액티브
419420,KODEX 미국클린에너지나스닥
261110,TIGER 미국달러선물레버리지
491700,HK 200
310080,RISE 중국MSCI China(H)
225030,TIGER 미국S&P500선물인버스(H)
475070,KoAct 글로벌기후테크인프라액티브
460270,KIWOOM 미국달러SOFR금리액티브(합성)
489000,PLUS 일본엔화초단기국채(합성)
181480,ACE 미국부동산리츠(합성 H)
365040,TIGER AI코리아그로스액티브
490330,KoAct 미국뇌질환치료제액티브
267440,RISE 미국장기국채선물(H)
091220,TIGER 은행
292730,FOCUS KRX300
0005D0,SOL 전고체배터리&실리콘음극재
432840,HANARO 미국S&P500
337150,KODEX 200exTOP
450190,KODEX 한중반도체(합성)
496130,TRUSTON 코리아밸류업액티브
494210,SOL 미국500타겟커버드콜액티브
217770,TIGER 원유선물인버스(H)
404260,KODEX 기후변화솔루션
498860,RISE 코리아금융고배당
100910,KIWOOM KRX100
480460,WON 한국부동산TOP3플러스
159800,마이티 코스피100
145850,TREX 펀더멘탈 200
138530,TIGER LG그룹+펀더멘털
226980,KODEX 200 중소형
376410,TIGER 탄소효율그린뉴딜
477490,에셋플러스 글로벌일등기업포커스10액티브
104520,KIWOOM 블루칩
289040,KODEX MSCI KOREA ESG유니버설
390400,KODEX 미국스마트모빌리티S&P
464060,HANARO 글로벌반도체TOP10 SOLACTIVE
225050,TIGER 유로스탁스레버리지(합성 H)
368680,KODEX K-뉴딜디지털플러스
489860,KIWOOM 글로벌전력GRID인프라
475310,SOL 반도체후공정
269530,PLUS S&P글로벌인프라
452440,VITA 밸류알파액티브
491630,RISE 미국반도체인버스(합성 H)
395760,PLUS ESG성장주액티브
471780,TIGER 코리아테크액티브
375270,RISE 글로벌데이터센터리츠(합성)
131890,ACE 삼성그룹동일가중
446690,KODEX 아시아AI반도체exChina액티브
415760,SOL 차이나육성산업액티브(합성)
442090,에셋플러스 코리아대장장이액티브
122090,PLUS 코스피50
472720,TRUSTON 주주가치액티브
424460,HANARO 글로벌워터MSCI(합성)
429740,PLUS K리츠
468370,KODEX iShares미국인플레이션국채액티브
497520,ACE 일라이릴리밸류체인
411540,SOL 200 Top10
474800,KIWOOM 미국원유에너지기업
498050,HANARO 바이오코리아액티브
433880,PLUS TDF2060액티브
225060,TIGER 이머징마켓MSCI레버리지(합성 H)
205720,ACE 일본TOPIX인버스(합성 H)
0007G0,PLUS 글로벌원자력밸류체인
404120,TIMEFOLIO K신재생에너지액티브
152500,ACE 레버리지
292500,SOL KRX300
192720,파워 고배당저변동성
445910,TIGER MKF배당귀족
117690,TIGER 차이나항셍25
494220,UNICORN SK하이닉스밸류체인액티브
497510,ACE 글로벌빅파마
215620,HK S&P코리아로우볼
467540,KIWOOM 코스닥글로벌
364690,KODEX 혁신기술테마액티브
292160,TIGER KRX300
451150,에셋플러스 글로벌영에이지액티브
229720,KODEX KTOP30
449580,RISE 미국빅데이터Top3채권혼합
464600,SOL 자동차소부장Fn
225130,ACE 골드선물 레버리지(합성 H)
360150,KODEX 코스닥150롱코스피200숏선물
183710,RISE 주식혼합
438740,마이다스 중소형액티브
462340,에셋플러스 글로벌다이나믹시니어액티브
488290,마이다스 일본테크액티브
371150,RISE 차이나항셍테크
237440,TIGER 경기방어채권혼합
473640,HANARO 글로벌금채굴기업
488210,KIWOOM K-반도체북미공급망
464610,SOL 의료기기소부장Fn
322410,HANARO 고배당
375760,HANARO 탄소효율그린뉴딜
385710,TIMEFOLIO K이노베이션액티브
139320,TIGER 금은선물(H)
432600,RISE 국채선물3년
429010,TIGER 미국나스닥넥스트100
491820,HANARO 전력설비투자
435550,KIWOOM TDF2050액티브
337120,KODEX 멀티팩터
483020,KIWOOM 의료AI
449680,TIGER 한중전기차(합성)
435540,KIWOOM TDF2040액티브
253160,PLUS 200선물인버스2X
441330,KIWOOM 차이나A50커넥트MSCI
253280,RISE 헬스케어
379790,RISE 유로스탁스50(H)
457930,BNK 미래전략기술액티브
253150,PLUS 200선물레버리지
488480,RISE 일본섹터TOP4Plus
227570,TIGER 우량가치
373490,KODEX K-이노베이션액티브
488200,KIWOOM K-2차전지북미공급망
367740,HANARO Fn5G산업
289670,PLUS 국채선물10년
253250,KIWOOM 200선물레버리지
411860,KIWOOM 독일DAX
448100,WON 200
413930,WON AI ESG액티브
108590,TREX 200
270800,RISE KQ고배당
399580,RISE 글로벌클린에너지
298340,PLUS 국채선물3년
460280,KIWOOM Fn유전자혁신기술
267490,RISE 미국장기국채선물레버리지(합성 H)
435530,KIWOOM TDF2030액티브
234310,RISE V&S셀렉트밸류
416090,ACE 중국과창판STAR50
253230,KIWOOM 200선물인버스2X
442560,RISE TDF2040액티브
138920,KODEX 콩선물(H)
153270,KIWOOM 코스피100
252650,KODEX 200동일가중
227830,PLUS 코스피
305050,ACE 코스피
292050,RISE KRX300
176950,KODEX 국채선물10년인버스
469790,KIWOOM K-테크TOP10
295000,RISE 국채선물10년
316300,ACE 싱가포르리츠
442550,RISE TDF2030액티브
401590,HANARO 글로벌탄소배출권선물ICE(합성)
251590,PLUS 고배당저변동50
289250,TIGER MSCI KOREA ESG유니버설
489010,PLUS 글로벌AI인프라
277640,TIGER 코스피대형주
442580,PLUS 글로벌HBM반도체
244620,KODEX 모멘텀Plus
304760,HANARO KRX300
279540,KODEX 최소변동성
166400,TIGER 200커버드콜OTM
495060,TIMEFOLIO 코리아밸류업액티브
429980,SOL 한국형글로벌전기차&2차전지액티브
304670,KODEX 미국30년국채울트라선물인버스(H)
450180,KODEX 한중전기차(합성)
455660,ACE 미국하이일드액티브(H)
461580,TIGER 코스닥글로벌
456200,PLUS 미국달러SOFR금리액티브(합성)
395750,PLUS ESG가치주액티브
189400,PLUS 글로벌MSCI(합성 H)
428510,KODEX 차이나메타버스액티브
219900,ACE 중국본토CSI300레버리지(합성)
481200,SOL 미국테크TOP10인버스(합성)
228820,TIGER KTOP30
284980,RISE 200금융
469530,RISE 미국달러선물인버스
140580,RISE 우량업종대표주
315270,TIGER 200커뮤니케이션서비스
373530,PLUS 신흥국MSCI인버스(합성 H)
280920,PLUS 주도업종
404650,SOL KRX기후변화솔루션
371870,ACE 차이나항셍테크
397410,RISE 국채선물5년추종인버스
346000,HANARO KAP초장기국고채
476310,RISE 글로벌비만산업TOP2+
457990,PLUS 태양광&ESS
267450,RISE 미국장기국채선물인버스(H)
227560,TIGER 200 생활소비재
281990,RISE 중소형고배당
105010,TIGER 라틴35
307520,TIGER 지주회사
261920,ACE 필리핀MSCI(합성)
437370,RISE 글로벌농업경제
450120,KIWOOM SK그룹대표주
459370,SOL 유럽탄소배출권선물인버스ICE(H)
174350,TIGER 로우볼
380340,ACE Fn5G플러스
485810,TIMEFOLIO 글로벌안티에이징바이오액티브
437550,KIWOOM 글로벌리츠이지스액티브
306520,HANARO 200선물인버스
252410,RISE 200선물인버스
397420,RISE 국채선물5년추종
307510,TIGER 의료기기
261140,TIGER 우선주
291680,RISE 차이나H선물인버스(H)
226380,ACE Fn성장소비주도주
473500,KIWOOM 글로벌전력반도체
285690,FOCUS ESG리더스
314700,HANARO 농업융복합산업
301400,PLUS 코스닥150
404540,TIGER KRX기후변화솔루션
373790,KIWOOM 미국방어배당성장나스닥
321410,KODEX 멀티에셋하이인컴(H)
402460,HANARO Fn K-메타버스MZ
454180,KIWOOM 차이나내수소비TOP CSI
426410,PLUS 미국대체투자Top10
466810,BNK 2차전지양극재
157500,TIGER 증권
334690,RISE 팔라듐선물(H)
407160,KCGI 테크미디어텔레콤액티브
256450,PLUS 심천차이넥스트(합성)
390950,HANARO 단기채권액티브
139290,TIGER 200 경기소비재
381570,HANARO Fn친환경에너지
486780,HANARO 200선물레버리지1.5X
487750,BNK 온디바이스AI
413220,SOL 차이나태양광CSI(합성)
419170,HANARO 미국메타버스iSelect
486790,HANARO 코스닥150선물레버리지1.5X
266390,KODEX 경기소비재
407170,KCGI 스마트커머스액티브
291890,KODEX MSCI EM선물(H)
473380,HANARO K-메디테크
244660,KODEX 퀄리티Plus
244670,KODEX 밸류Plus
487130,KoAct AI인프라액티브
438210,PLUS 글로벌AI
139240,TIGER 200 철강소재
433250,UNICORN R&D 액티브
476000,UNICORN 포스트IPO액티브
291620,KIWOOM 코스닥150선물인버스
147970,TIGER 모멘텀
140570,RISE 수출주
253240,KIWOOM 200선물인버스
277650,TIGER 코스피중형주
220130,SOL 차이나강소기업CSI500(합성 H)
470310,UNICORN 생성형AI강소기업액티브
411720,RISE 글로벌메타버스
429870,KIWOOM 리츠이지스액티브
139310,TIGER 금속선물(H)
427120,RISE 플랫폼테마
238670,PLUS 스마트베타Quality채권혼합
476260,HANARO 반도체핵심공정주도주
426330,KIWOOM 미국ETF산업STOXX
407300,HANARO Fn골프테마
391670,HK 베스트일레븐액티브
280940,KODEX 골드선물인버스(H)
334700,RISE 팔라듐선물인버스(H)
243890,TIGER 200에너지화학레버리지
291630,KIWOOM 코스닥150선물레버리지
266550,PLUS 중형주저변동50
448510,HANARO 글로벌신재생에너지MSCI(합성)
145670,ACE 인버스
252000,TIGER 200동일가중
433860,PLUS TDF2040액티브
433870,PLUS TDF2050액티브
433850,PLUS TDF2030액티브
465620,ACE 미국빅테크TOP7 Plus인버스(합성)
482030,KoAct 테크핵심소재공급망액티브
415920,PLUS 글로벌희토류&전략자원생산기업
098560,TIGER 방송통신
275750,RISE 코스닥150선물인버스
261060,TIGER 코스닥150IT
469580,RISE KP달러채권액티브
301410,PLUS 코스닥150선물인버스
306530,HANARO 코스닥150선물레버리지
472490,HANARO 미국애그테크
227550,TIGER 200 산업재
432850,HANARO 글로벌백신치료제MSCI
412560,TIGER BBIG레버리지
427110,RISE 창업투자회사
